"id","Location","Status","Measure","length","LineLength","date","MeanLength"
13,"Cloates","No Take",1,10.73,11.6644058592473,"20210128",28.7820546611632
13,"Cloates","No Take",2,24.53,26.6613630449556,"20210128",28.7820546611632
13,"Cloates","No Take",3,42.52,46.0532636034488,"20210128",28.7820546611632
13,"Cloates","No Take",4,46.59,50.7164988336663,"20210128",28.7820546611632
13,"Cloates","No Take",5,8.14,8.81474196449804,"20210128",28.7820546611632
1,"Cloates","No Take",1,30.39,33.0976772369737,"20210128",43.7717501166126
1,"Cloates","No Take",2,43.55,47.3128892489785,"20210128",43.7717501166126
1,"Cloates","No Take",3,44.71,48.4452624285976,"20210128",43.7717501166126
1,"Cloates","No Take",4,47.18,51.3075193962646,"20210128",43.7717501166126
2,"Cloates","No Take",1,35.05,38.1745360940869,"20210128",43.7099670552463
2,"Cloates","No Take",2,41.08,44.5115933318812,"20210128",43.7099670552463
2,"Cloates","No Take",3,42.47,46.1494479379659,"20210128",43.7099670552463
2,"Cloates","No Take",4,56.85,61.7644063776016,"20210128",43.7099670552463
18,"Cloates","No Take",2,47.86,51.8784146057498,"20210128",45.7660126763786
18,"Cloates","No Take",3,46.64,50.6252621130441,"20210128",45.7660126763786
18,"Cloates","No Take",4,45.09,48.9465696739533,"20210128",45.7660126763786
18,"Cloates","No Take",5,34.58,37.5169566180046,"20210128",45.7660126763786
15,"Cloates","No Take",3,46.11,49.9834336096961,"20210128",45.3770489133843
15,"Cloates","No Take",4,29.98,32.5535713800794,"20210128",45.3770489133843
15,"Cloates","No Take",5,35.97,38.990942495984,"20210128",45.3770489133843
19,"Cloates","No Take",1,51.23,55.8114543820614,"20210128",40.327182720644
19,"Cloates","No Take",2,32.34,35.083789243686,"20210128",40.327182720644
19,"Cloates","No Take",3,36.14,39.21197311652,"20210128",40.327182720644
19,"Cloates","No Take",4,26.3,28.5978867652816,"20210128",40.327182720644
19,"Cloates","No Take",5,39.63,42.9308100956711,"20210128",40.327182720644
7,"Cloates","No Take",1,36.18,39.4031866309095,"20210128",64.2121524308159
7,"Cloates","No Take",2,69.96,75.7725699296223,"20210128",64.2121524308159
7,"Cloates","No Take",3,87.68,95.0393935473795,"20210128",64.2121524308159
4,"Cloates","No Take",4,52.43,56.8659849456451,"20210128",56.8659849456451
7,"Cloates","No Take",5,43.07,46.6334596153522,"20210128",64.2121524308159
6,"Cloates","No Take",1,18.46,20.0979230095547,"20210128",24.2693884350043
6,"Cloates","No Take",2,32.74,35.4491244209747,"20210128",24.2693884350043
6,"Cloates","No Take",3,26.58,28.9184199799512,"20210128",24.2693884350043
6,"Cloates","No Take",4,20.05,21.7750856691974,"20210128",24.2693884350043
6,"Cloates","No Take",5,13.92,15.1063890953435,"20210128",24.2693884350043
1,"Cloates","No Take",5,35.71,38.6954022722484,"20210128",43.7717501166126
2,"Cloates","No Take",5,25.78,27.9498515346962,"20210128",43.7099670552463
18,"Cloates","No Take",1,36.59,39.8628603711413,"20210128",45.7660126763786
15,"Cloates","No Take",1,52.17,56.8366126629228,"20210128",45.3770489133843
15,"Cloates","No Take",2,44.76,48.5206844182393,"20210128",45.3770489133843
9,"Cloates","No Take",1,21.4,23.3022666092524,"20210128",38.0722887459045
9,"Cloates","No Take",2,34.51,37.4854473606682,"20210128",38.0722887459045
9,"Cloates","No Take",3,54.95,59.5276860814159,"20210128",38.0722887459045
9,"Cloates","No Take",4,39.38,42.7718233864306,"20210128",38.0722887459045
9,"Cloates","No Take",5,25.18,27.2742202917555,"20210128",38.0722887459045
8,"Cloates","No Take",1,32.26,35.121079305961,"20210128",42.6515000041421
8,"Cloates","No Take",2,40.69,44.2176057329012,"20210128",42.6515000041421
8,"Cloates","No Take",3,47.06,50.9581674689891,"20210128",42.6515000041421
8,"Cloates","No Take",4,42.94,46.6172523134314,"20210128",42.6515000041421
8,"Cloates","No Take",5,33.56,36.3433951994275,"20210128",42.6515000041421
5,"Cloates","No Take",1,30.21,32.8918479026821,"20210128",43.3217636372719
5,"Cloates","No Take",2,35.52,38.472881073019,"20210128",43.3217636372719
5,"Cloates","No Take",3,47.16,51.1434386240951,"20210128",43.3217636372719
5,"Cloates","No Take",4,46.37,50.4116005765458,"20210128",43.3217636372719
5,"Cloates","No Take",5,40.34,43.6890500100177,"20210128",43.3217636372719
22,"Cloates","No Take",1,75.54,82.2945406344838,"20210128",54.002139836803
22,"Cloates","No Take",2,56.19,60.9180349325182,"20210128",54.002139836803
22,"Cloates","No Take",3,36.64,39.7814267446867,"20210128",54.002139836803
22,"Cloates","No Take",4,33.8,36.7353504648591,"20210128",54.002139836803
22,"Cloates","No Take",5,46.38,50.2813464074671,"20210128",54.002139836803
23,"Cloates","No Take",1,40.52,44.1423059655688,"20210128",40.7299505511518
23,"Cloates","No Take",2,24.62,26.6890330508099,"20210128",40.7299505511518
23,"Cloates","No Take",3,35.68,38.7917143540837,"20210128",40.7299505511518
23,"Cloates","No Take",4,52.18,56.7558897355368,"20210128",40.7299505511518
23,"Cloates","No Take",5,34.4,37.2708096497597,"20210128",40.7299505511518
13,"Cloates","No Take",1,13.49,14.6711758078474,"20210321",22.7094996863566
13,"Cloates","No Take",2,19.89,21.6146397774915,"20210321",22.7094996863566
13,"Cloates","No Take",3,31.28,33.879185527289,"20210321",22.7094996863566
13,"Cloates","No Take",4,25.06,27.2792404323531,"20210321",22.7094996863566
13,"Cloates","No Take",5,14.87,16.1032568868019,"20210321",22.7094996863566
1,"Cloates","No Take",1,30.84,33.5910935383429,"20210321",43.879466163412
1,"Cloates","No Take",2,43.55,47.3128892489785,"20210321",43.879466163412
1,"Cloates","No Take",3,55.37,60.0022802715823,"20210321",43.879466163412
1,"Cloates","No Take",4,38.42,41.7760950855729,"20210321",43.879466163412
2,"Cloates","No Take",1,43.58,47.4585905848158,"20210321",41.4898404990546
2,"Cloates","No Take",2,31.98,34.6566057484709,"20210321",41.4898404990546
2,"Cloates","No Take",3,37.21,40.4297581038002,"20210321",41.4898404990546
2,"Cloates","No Take",4,44.39,48.2224979950375,"20210321",41.4898404990546
3,"Cloates","No Take",1,19.89,21.6637067553035,"20210321",31.3646999676186
3,"Cloates","No Take",2,27.22,29.5080507937344,"20210321",31.3646999676186
3,"Cloates","No Take",3,36.55,39.6505225351761,"20210321",31.3646999676186
3,"Cloates","No Take",4,36.35,39.4984278183041,"20210321",31.3646999676186
3,"Cloates","No Take",5,24.45,26.5027919355748,"20210321",31.3646999676186
18,"Cloates","No Take",2,35.9,38.9141297583015,"20210321",39.8748179322372
18,"Cloates","No Take",3,39.31,42.6675642860791,"20210321",39.8748179322372
18,"Cloates","No Take",4,35.7,38.7549802725406,"20210321",39.8748179322372
18,"Cloates","No Take",5,35.58,38.6021899672061,"20210321",39.8748179322372
15,"Cloates","No Take",3,49.91,54.1085061580391,"20210321",62.3363619602234
15,"Cloates","No Take",4,55.62,60.3986515884614,"20210321",62.3363619602234
15,"Cloates","No Take",5,62.73,68.0132836593604,"20210321",62.3363619602234
19,"Cloates","No Take",1,46.82,51.0057945364384,"20210321",44.7759580865194
19,"Cloates","No Take",2,40.41,43.831677659716,"20210321",44.7759580865194
19,"Cloates","No Take",3,40.24,43.6563554853991,"20210321",44.7759580865194
19,"Cloates","No Take",4,38.31,41.660466698392,"20210321",44.7759580865194
19,"Cloates","No Take",5,40.36,43.7254960526516,"20210321",44.7759580865194
21,"Cloates","No Take",5,48.3,52.4093619939953,"20210321",54.572534330692
16,"Cloates","No Take",1,55.28,60.2190652871164,"20210321",36.6523101462453
16,"Cloates","No Take",2,22.43,24.3236183787565,"20210321",36.6523101462453
16,"Cloates","No Take",3,29.41,31.9006284080788,"20210321",36.6523101462453
16,"Cloates","No Take",4,21.39,23.2064975628377,"20210321",36.6523101462453
16,"Cloates","No Take",5,40.23,43.6117410944372,"20210321",36.6523101462453
7,"Cloates","No Take",1,44.48,48.4356383946718,"20210321",67.9139043862266
7,"Cloates","No Take",2,67.93,73.5726664847835,"20210321",67.9139043862266
7,"Cloates","No Take",3,71.99,78.0300212154289,"20210321",67.9139043862266
4,"Cloates","No Take",4,56.83,61.6376704099425,"20210321",61.6376704099425
7,"Cloates","No Take",5,66.14,71.6172914500222,"20210321",67.9139043862266
6,"Cloates","No Take",1,27.66,30.1209249096274,"20210321",33.9129935791402
6,"Cloates","No Take",2,43.26,46.8509905989344,"20210321",33.9129935791402
6,"Cloates","No Take",3,30.95,33.677364910544,"20210321",33.9129935791402
6,"Cloates","No Take",4,26.59,28.8853738048514,"20210321",33.9129935791402
6,"Cloates","No Take",5,27.67,30.0303136717437,"20210321",33.9129935791402
1,"Cloates","No Take",5,33.88,36.7149726725835,"20210321",43.879466163412
2,"Cloates","No Take",5,33.83,36.6817500631483,"20210321",41.4898404990546
18,"Cloates","No Take",1,37.12,40.4352253770587,"20210321",39.8748179322372
15,"Cloates","No Take",1,59.71,65.0508879761239,"20210321",62.3363619602234
15,"Cloates","No Take",2,59.15,64.1104804191324,"20210321",62.3363619602234
21,"Cloates","No Take",1,76.59,83.4308998475285,"20210321",54.572534330692
21,"Cloates","No Take",3,84.4,91.6029734750212,"20210321",54.572534330692
21,"Cloates","No Take",4,43.12,46.7976663038289,"20210321",54.572534330692
9,"Cloates","No Take",1,18.77,20.438915323165,"20210321",29.2168673167547
9,"Cloates","No Take",2,33.35,36.2159863002466,"20210321",29.2168673167547
9,"Cloates","No Take",3,37.77,40.915842416552,"20210321",29.2168673167547
9,"Cloates","No Take",4,22.52,24.4627434764366,"20210321",29.2168673167547
9,"Cloates","No Take",5,22.21,24.0508490673735,"20210321",29.2168673167547
8,"Cloates","No Take",1,39.32,42.8109119965177,"20210321",49.2215588462237
8,"Cloates","No Take",2,58.74,63.8280212511821,"20210321",49.2215588462237
8,"Cloates","No Take",3,42.48,46.0043716933533,"20210321",49.2215588462237
8,"Cloates","No Take",4,42.94,46.6172523134314,"20210321",49.2215588462237
8,"Cloates","No Take",5,43.26,46.8472369766338,"20210321",49.2215588462237
5,"Cloates","No Take",1,34.36,37.4067860108645,"20210321",31.0485589033698
5,"Cloates","No Take",2,29.46,31.9141252982616,"20210321",31.0485589033698
5,"Cloates","No Take",3,29.1,31.5641823316464,"20210321",31.0485589033698
5,"Cloates","No Take",4,27.78,30.1945866595064,"20210321",31.0485589033698
5,"Cloates","No Take",5,22.31,24.1631142165702,"20210321",31.0485589033698
12,"Cloates","No Take",1,34.99,38.1034729965696,"20210321",42.713522457076
12,"Cloates","No Take",2,43.51,47.1441471744436,"20210321",42.713522457076
12,"Cloates","No Take",3,48.01,52.0489095882053,"20210321",42.713522457076
12,"Cloates","No Take",4,41.04,44.6098375411116,"20210321",42.713522457076
12,"Cloates","No Take",5,29.21,31.6612449850499,"20210321",42.713522457076
22,"Cloates","No Take",1,40.05,43.6292686142369,"20210321",41.7824998568056
22,"Cloates","No Take",2,42.36,45.9337129693947,"20210321",41.7824998568056
22,"Cloates","No Take",3,34.71,37.6929103102933,"20210321",41.7824998568056
22,"Cloates","No Take",4,39.19,42.5935170234543,"20210321",41.7824998568056
22,"Cloates","No Take",5,36.03,39.0630903666489,"20210321",41.7824998568056
21,"Cloates","No Take",1,39,42.4904854879097,"20210321",54.572534330692
21,"Cloates","No Take",2,37.11,40.2662985197894,"20210321",54.572534330692
21,"Cloates","No Take",3,51.01,55.3137413885981,"20210321",54.572534330692
21,"Cloates","No Take",4,38.53,41.786239635565,"20210321",54.572534330692
21,"Cloates","No Take",5,34.17,37.055142323992,"20210321",54.572534330692
23,"Cloates","No Take",1,42.32,46.1040643581381,"20210321",43.3084015579967
23,"Cloates","No Take",2,36.04,39.0620733677457,"20210321",43.3084015579967
23,"Cloates","No Take",3,50.07,54.4487228723044,"20210321",43.3084015579967
23,"Cloates","No Take",4,43.54,47.363012226023,"20210321",43.3084015579967
23,"Cloates","No Take",5,27.29,29.5641349657721,"20210321",43.3084015579967
13,"Cloates","No Take",1,23.261,25.2869977726732,"20210421",32.8045407953088
13,"Cloates","No Take",2,20.866,22.6790507999744,"20210421",32.8045407953088
13,"Cloates","No Take",3,36.475,39.5089397410911,"20210421",32.8045407953088
13,"Cloates","No Take",4,41.566,45.2441386810076,"20210421",32.8045407953088
13,"Cloates","No Take",5,28.911,31.3035769817977,"20210421",32.8045407953088
1,"Cloates","No Take",1,44.395,48.348501099385,"20210421",47.7586505730055
1,"Cloates","No Take",2,51.105,55.5197802074831,"20210421",47.7586505730055
1,"Cloates","No Take",3,42.722,46.293832150729,"20210421",47.7586505730055
1,"Cloates","No Take",4,44.009,47.8540163541107,"20210421",47.7586505730055
18,"Cloates","No Take",2,34.831,37.7569793670305,"20210421",37.9005913596486
18,"Cloates","No Take",3,37.486,40.6923009327092,"20210421",37.9005913596486
18,"Cloates","No Take",4,34.119,37.0379046011854,"20210421",37.9005913596486
18,"Cloates","No Take",5,34.265,37.1784306157108,"20210421",37.9005913596486
15,"Cloates","No Take",3,54.967,59.5858727301157,"20210421",58.1364464472992
15,"Cloates","No Take",4,57.761,62.72212076974,"20210421",58.1364464472992
15,"Cloates","No Take",5,53.845,58.373035304078,"20210421",58.1364464472992
19,"Cloates","No Take",1,50.552,55.0696407974759,"20210421",49.1421768609807
19,"Cloates","No Take",2,51.282,55.6221155556727,"20210421",49.1421768609807
19,"Cloates","No Take",3,50.349,54.6271981830169,"20210421",49.1421768609807
19,"Cloates","No Take",4,33.951,36.9193877179605,"20210421",49.1421768609807
19,"Cloates","No Take",5,40.13,43.4725420507772,"20210421",49.1421768609807
21,"Cloates","No Take",5,58.6,63.5903572523459,"20210421",56.8437173131497
16,"Cloates","No Take",1,62.618,68.2147910293541,"20210421",59.1737520682454
16,"Cloates","No Take",2,45.229,49.0306469963083,"20210421",59.1737520682454
16,"Cloates","No Take",3,67.889,73.6311139389943,"20210421",59.1737520682454
16,"Cloates","No Take",4,47.629,51.6786407898731,"20210421",59.1737520682454
16,"Cloates","No Take",5,49.178,53.3135675866974,"20210421",59.1737520682454
7,"Cloates","No Take",1,58.159,63.3383542358147,"20210421",73.7538357808066
7,"Cloates","No Take",2,67.22,72.8055758189636,"20210421",73.7538357808066
7,"Cloates","No Take",3,69.614,75.4554162988997,"20210421",73.7538357808066
4,"Cloates","No Take",4,56.732,61.5258812731362,"20210421",61.5258812731362
7,"Cloates","No Take",5,77.035,83.4159967695484,"20210421",73.7538357808066
6,"Cloates","No Take",1,40.225,43.8027396306607,"20210421",39.9005443651544
6,"Cloates","No Take",2,55.277,59.860625335902,"20210421",39.9005443651544
6,"Cloates","No Take",3,27.174,29.5626345873422,"20210421",39.9005443651544
6,"Cloates","No Take",4,21.839,23.7226803047492,"20210421",39.9005443651544
6,"Cloates","No Take",5,39.203,42.5540419671179,"20210421",39.9005443651544
1,"Cloates","No Take",5,37.626,40.7771230533195,"20210421",47.7586505730055
18,"Cloates","No Take",1,33.816,36.8373412816072,"20210421",37.9005913596486
15,"Cloates","No Take",1,44.653,48.6425292484387,"20210421",58.1364464472992
15,"Cloates","No Take",2,56.607,61.3586741841235,"20210421",58.1364464472992
21,"Cloates","No Take",1,68.378,74.489039795663,"20210421",56.8437173131497
21,"Cloates","No Take",3,79.059,85.8076111643875,"20210421",56.8437173131497
21,"Cloates","No Take",4,44.471,48.2659128335805,"20210421",56.8437173131497
8,"Cloates","No Take",1,54.141,58.9476534603759,"20210421",50.0485431157609
8,"Cloates","No Take",2,54.949,59.7131119782036,"20210421",50.0485431157609
8,"Cloates","No Take",3,42.181,45.6808641038679,"20210421",50.0485431157609
8,"Cloates","No Take",4,41.638,45.1960038017051,"20210421",50.0485431157609
8,"Cloates","No Take",5,37.591,40.7050822346522,"20210421",50.0485431157609
5,"Cloates","No Take",1,46.641,50.7745349353746,"20210421",56.5891657791435
5,"Cloates","No Take",2,52.289,56.6341647111012,"20210421",56.5891657791435
5,"Cloates","No Take",3,69.878,75.7962893466326,"20210421",56.5891657791435
5,"Cloates","No Take",4,56.478,61.386631210986,"20210421",56.5891657791435
5,"Cloates","No Take",5,35.41,38.354208691623,"20210421",56.5891657791435
24,"Cloates","No Take",1,51.06,55.6239820268979,"20210421",103.990343287407
24,"Cloates","No Take",2,82.388,89.4938219038494,"20210421",103.990343287407
24,"Cloates","No Take",3,142.858,154.830278496303,"20210421",103.990343287407
24,"Cloates","No Take",4,115.179,125.01715385313,"20210421",103.990343287407
24,"Cloates","No Take",5,87.627,94.9864801568556,"20210421",103.990343287407
12,"Cloates","No Take",1,21.6,23.5238872534434,"20210421",41.5842248752924
12,"Cloates","No Take",2,60.857,65.9279540063501,"20210421",41.5842248752924
12,"Cloates","No Take",3,44.311,48.0415556368308,"20210421",41.5842248752924
12,"Cloates","No Take",4,41.28,44.8731963896735,"20210421",41.5842248752924
12,"Cloates","No Take",5,23.575,25.5545310901644,"20210421",41.5842248752924
21,"Cloates","No Take",1,47.352,51.5834369750343,"20210421",56.8437173131497
21,"Cloates","No Take",2,36.123,39.1932594795704,"20210421",56.8437173131497
21,"Cloates","No Take",3,45.892,49.763843409214,"20210421",56.8437173131497
21,"Cloates","No Take",4,56.327,61.0844544942919,"20210421",56.8437173131497
21,"Cloates","No Take",5,34.886,37.8155404142595,"20210421",56.8437173131497
23,"Cloates","No Take",1,65.752,71.6300586753424,"20210421",86.2766547912864
23,"Cloates","No Take",2,63.813,69.1681828213302,"20210421",86.2766547912864
23,"Cloates","No Take",3,89.643,97.4760759151442,"20210421",86.2766547912864
23,"Cloates","No Take",4,111.415,121.172853492349,"20210421",86.2766547912864
23,"Cloates","No Take",5,66.405,71.9361030522667,"20210421",86.2766547912864
2,"Cloates","No Take",1,27.527,29.9800098015977,"20210421",34.9210104396549
2,"Cloates","No Take",2,36.619,39.6782685036716,"20210421",34.9210104396549
2,"Cloates","No Take",3,31.718,34.4656087009617,"20210421",34.9210104396549
2,"Cloates","No Take",4,36.314,39.4523513040175,"20210421",34.9210104396549
2,"Cloates","No Take",5,28.615,31.0288138880262,"20210421",34.9210104396549
22,"Cloates","No Take",1,33.331,36.3089565223266,"20210421",36.2737470234235
22,"Cloates","No Take",2,39.197,42.507311305759,"20210421",36.2737470234235
22,"Cloates","No Take",3,32.597,35.3955422266485,"20210421",36.2737470234235
22,"Cloates","No Take",4,32.038,34.820714928365,"20210421",36.2737470234235
22,"Cloates","No Take",5,29.83,32.3362101340183,"20210421",36.2737470234235
13,"Cloates","No Take",1,32.49,35.3263985008088,"20210521",33.6658566939273
13,"Cloates","No Take",2,20.87,22.6790507999744,"20210521",33.6658566939273
13,"Cloates","No Take",3,35.59,38.5484498764041,"20210521",33.6658566939273
13,"Cloates","No Take",4,42.96,46.7626667142506,"20210521",33.6658566939273
13,"Cloates","No Take",5,23.1,25.0127175781984,"20210521",33.6658566939273
1,"Cloates","No Take",1,64.7,70.4660709940442,"20210521",67.9943286792302
1,"Cloates","No Take",2,61.81,67.1504994406537,"20210521",67.9943286792302
1,"Cloates","No Take",3,54.37,58.9159080785919,"20210521",67.9943286792302
1,"Cloates","No Take",4,54.73,59.5113411130822,"20210521",67.9943286792302
3,"Cloates","No Take",1,41.48,45.1800631082967,"20210521",62.0888836851862
3,"Cloates","No Take",2,61.24,66.3968855089394,"20210521",62.0888836851862
3,"Cloates","No Take",3,74.22,80.518688388162,"20210521",62.0888836851862
3,"Cloates","No Take",4,56.26,61.1324594172038,"20210521",62.0888836851862
3,"Cloates","No Take",5,52.8,57.2163220033289,"20210521",62.0888836851862
18,"Cloates","No Take",2,39.28,42.5779440817507,"20210521",43.5084872126371
18,"Cloates","No Take",3,33.15,35.9846308075296,"20210521",43.5084872126371
18,"Cloates","No Take",4,45.71,49.625065039524,"20210521",43.5084872126371
18,"Cloates","No Take",5,43.83,47.5500342603708,"20210521",43.5084872126371
15,"Cloates","No Take",3,54.97,59.5858727301157,"20210521",63.9074263111202
15,"Cloates","No Take",4,67.76,73.584700908573,"20210521",63.9074263111202
15,"Cloates","No Take",5,57.33,62.1492425355826,"20210521",63.9074263111202
19,"Cloates","No Take",1,60.64,66.0607842552872,"20210521",50.6921444467052
19,"Cloates","No Take",2,37,40.1328212686488,"20210521",50.6921444467052
19,"Cloates","No Take",3,43.05,46.7083799189525,"20210521",50.6921444467052
19,"Cloates","No Take",4,39.6,43.0578788495437,"20210521",50.6921444467052
19,"Cloates","No Take",5,53.08,57.5008579410941,"20210521",50.6921444467052
21,"Cloates","No Take",5,72.2,78.3480872190947,"20210521",73.9114512616147
16,"Cloates","No Take",1,57.14,62.2497632874573,"20210521",60.2286808094039
16,"Cloates","No Take",2,51.86,56.2220109832165,"20210521",60.2286808094039
16,"Cloates","No Take",3,53.59,58.1200690175232,"20210521",60.2286808094039
16,"Cloates","No Take",4,54.02,58.6132121590817,"20210521",60.2286808094039
16,"Cloates","No Take",5,60.82,65.9383485997406,"20210521",60.2286808094039
7,"Cloates","No Take",1,49.86,54.3039912553071,"20210521",66.247460251965
7,"Cloates","No Take",2,68.15,73.8175745437011,"20210521",66.247460251965
7,"Cloates","No Take",3,73.22,79.3695929693998,"20210521",66.247460251965
4,"Cloates","No Take",4,54.89,59.5225888621981,"20210521",59.5225888621981
7,"Cloates","No Take",5,53.1,57.4986822394517,"20210521",66.247460251965
6,"Cloates","No Take",1,24.2,26.3504253716127,"20210521",32.0001548394594
6,"Cloates","No Take",2,42.88,46.4299179210487,"20210521",32.0001548394594
6,"Cloates","No Take",3,27.17,29.5626345873422,"20210521",32.0001548394594
6,"Cloates","No Take",4,26.95,29.2734014494446,"20210521",32.0001548394594
6,"Cloates","No Take",5,26.15,28.3843948678486,"20210521",32.0001548394594
1,"Cloates","No Take",5,77.44,83.9278237697789,"20210521",67.9943286792302
18,"Cloates","No Take",1,38.38,41.8047618740104,"20210521",43.5084872126371
15,"Cloates","No Take",1,57.7,62.8586411972061,"20210521",63.9074263111202
15,"Cloates","No Take",2,56.61,61.3586741841235,"20210521",63.9074263111202
21,"Cloates","No Take",1,72.15,78.5987142240981,"20210521",73.9114512616147
21,"Cloates","No Take",3,70.38,76.3862692990732,"20210521",73.9114512616147
21,"Cloates","No Take",4,34.21,37.1245828010026,"20210521",73.9114512616147
8,"Cloates","No Take",1,41.8,45.5126100497914,"20210521",52.37953038128
8,"Cloates","No Take",2,55.11,59.8915176828382,"20210521",52.37953038128
8,"Cloates","No Take",3,52.56,56.9183976413707,"20210521",52.37953038128
8,"Cloates","No Take",4,41.64,45.1960038017051,"20210521",52.37953038128
8,"Cloates","No Take",5,50.22,54.3791227306945,"20210521",52.37953038128
5,"Cloates","No Take",1,65.64,71.4531521002203,"20210521",85.553897744914
5,"Cloates","No Take",2,67.75,73.3837530557291,"20210521",85.553897744914
5,"Cloates","No Take",3,80.61,87.4322418933622,"20210521",85.553897744914
5,"Cloates","No Take",4,89.34,97.1071548507471,"20210521",85.553897744914
5,"Cloates","No Take",5,90.84,98.3931868245114,"20210521",85.553897744914
24,"Cloates","No Take",1,75.31,82.0371718988889,"20210521",130.096447232259
24,"Cloates","No Take",2,110.88,120.448783897467,"20210521",130.096447232259
24,"Cloates","No Take",3,148.65,161.108971297757,"20210521",130.096447232259
24,"Cloates","No Take",4,138.22,150.022292769388,"20210521",130.096447232259
24,"Cloates","No Take",5,126.27,136.865016297796,"20210521",130.096447232259
12,"Cloates","No Take",1,26.31,28.6538443762467,"20210521",42.1981368271897
12,"Cloates","No Take",2,50.49,54.7005870763478,"20210521",42.1981368271897
12,"Cloates","No Take",3,47.4,51.39733649188,"20210521",42.1981368271897
12,"Cloates","No Take",4,49.17,53.4494662409312,"20210521",42.1981368271897
12,"Cloates","No Take",5,21.02,22.7894499505428,"20210521",42.1981368271897
21,"Cloates","No Take",1,86.68,94.4252679277643,"20210521",73.9114512616147
21,"Cloates","No Take",2,101.38,109.989312616114,"20210521",73.9114512616147
21,"Cloates","No Take",3,77.06,83.557266526371,"20210521",73.9114512616147
21,"Cloates","No Take",4,58.66,63.6120906676446,"20210521",73.9114512616147
21,"Cloates","No Take",5,39.82,43.1614700733692,"20210521",73.9114512616147
23,"Cloates","No Take",1,69.09,75.2712038153378,"20210521",88.2634991661888
23,"Cloates","No Take",2,52.44,56.8390069217614,"20210521",88.2634991661888
23,"Cloates","No Take",3,78.79,85.6762249830214,"20210521",88.2634991661888
23,"Cloates","No Take",4,120.12,130.636151165791,"20210521",88.2634991661888
23,"Cloates","No Take",5,85.75,92.8949089450324,"20210521",88.2634991661888
13,"Cloates","No Take",1,9.51,10.333816206936,"20210628",33.3878509993064
13,"Cloates","No Take",2,19.79,21.5064818271403,"20210628",33.3878509993064
13,"Cloates","No Take",3,53.02,57.4294477148421,"20210628",33.3878509993064
13,"Cloates","No Take",4,51.16,55.6906506677428,"20210628",33.3878509993064
13,"Cloates","No Take",5,20.3,21.9788585798706,"20210628",33.3878509993064
1,"Cloates","No Take",1,89.68,97.6687168466054,"20210628",77.8465404829191
1,"Cloates","No Take",2,73.9,80.2774394728372,"20210628",77.8465404829191
1,"Cloates","No Take",3,44.64,48.3699398823743,"20210628",77.8465404829191
1,"Cloates","No Take",4,81.33,88.4370575561089,"20210628",77.8465404829191
21,"Cloates","No Take",5,63.31,68.7041771039019,"20210628",63.2595818269404
7,"Cloates","No Take",1,54.97,59.8674944470157,"20210628",66.5622206458928
7,"Cloates","No Take",2,81.91,88.7157864475333,"20210628",66.5622206458928
7,"Cloates","No Take",3,69.85,75.7099279254765,"20210628",66.5622206458928
4,"Cloates","No Take",4,37.77,40.956039193954,"20210628",40.956039193954
7,"Cloates","No Take",5,38.75,41.9556737635458,"20210628",66.5622206458928
6,"Cloates","No Take",1,23.93,26.0585809952407,"20210628",32.8718053147131
6,"Cloates","No Take",2,55.36,59.949109158846,"20210628",32.8718053147131
6,"Cloates","No Take",3,25.28,27.4978227486165,"20210628",32.8718053147131
6,"Cloates","No Take",4,22.17,24.0810420814908,"20210628",32.8718053147131
6,"Cloates","No Take",5,24.67,26.7724715893713,"20210628",32.8718053147131
1,"Cloates","No Take",5,68.73,74.4795486566699,"20210628",77.8465404829191
21,"Cloates","No Take",1,67.08,73.0803010107651,"20210628",63.2595818269404
21,"Cloates","No Take",3,71.75,77.8784178551734,"20210628",63.2595818269404
21,"Cloates","No Take",4,49.1,53.288123908154,"20210628",63.2595818269404
9,"Cloates","No Take",1,68.92,75.0567322066923,"20210628",67.0637572867775
9,"Cloates","No Take",2,63.13,68.5499048294144,"20210628",67.0637572867775
9,"Cloates","No Take",3,89.85,97.345704122534,"20210628",67.0637572867775
9,"Cloates","No Take",4,37.87,41.1350806835156,"20210628",67.0637572867775
9,"Cloates","No Take",5,49.15,53.2313645917312,"20210628",67.0637572867775
8,"Cloates","No Take",1,63.8,69.467661902402,"20210628",59.0065007942189
8,"Cloates","No Take",2,62.22,67.6134013828083,"20210628",59.0065007942189
8,"Cloates","No Take",3,51.49,55.7609100743295,"20210628",59.0065007942189
8,"Cloates","No Take",4,53.57,58.1523298465991,"20210628",59.0065007942189
8,"Cloates","No Take",5,40.67,44.0382007649553,"20210628",59.0065007942189
5,"Cloates","No Take",1,59.16,64.3975475132457,"20210628",60.0535692414799
5,"Cloates","No Take",2,55.05,59.6191176296775,"20210628",60.0535692414799
5,"Cloates","No Take",3,53.43,57.9500618472235,"20210628",60.0535692414799
5,"Cloates","No Take",4,62.63,68.0693947254949,"20210628",60.0535692414799
5,"Cloates","No Take",5,46.38,50.2317244917577,"20210628",60.0535692414799
24,"Cloates","No Take",1,55.27,60.2105315339661,"20210628",103.250698403858
24,"Cloates","No Take",2,120.31,130.697601867738,"20210628",103.250698403858
24,"Cloates","No Take",3,136.45,147.884126877388,"20210628",103.250698403858
24,"Cloates","No Take",4,108.42,117.674107008817,"20210628",103.250698403858
24,"Cloates","No Take",5,55.16,59.7871247313815,"20210628",103.250698403858
12,"Cloates","No Take",1,43.06,46.8920790473163,"20210628",45.2090183063848
12,"Cloates","No Take",2,52.42,56.7860964470057,"20210628",45.2090183063848
12,"Cloates","No Take",3,42.36,45.926793506556,"20210628",45.2090183063848
12,"Cloates","No Take",4,48.23,52.4228335299511,"20210628",45.2090183063848
12,"Cloates","No Take",5,22.15,24.0172890010948,"20210628",45.2090183063848
23,"Cloates","No Take",1,64.59,70.3648000594513,"20210628",68.2784910863603
23,"Cloates","No Take",2,59.55,64.5445247827834,"20210628",68.2784910863603
23,"Cloates","No Take",3,59.94,65.1774294569974,"20210628",68.2784910863603
23,"Cloates","No Take",4,61.94,67.3807631516105,"20210628",68.2784910863603
23,"Cloates","No Take",5,68.24,73.9249379809588,"20210628",68.2784910863603
21,"Cloates","No Take",1,65.01,70.8236254575215,"20210628",63.2595818269404
21,"Cloates","No take",2,72.56,78.724083775103,"20210628",63.2595818269404
21,"Cloates","No Take",3,61.82,67.0325988828401,"20210628",63.2595818269404
21,"Cloates","No Take",4,39.88,43.2509646471666,"20210628",63.2595818269404
21,"Cloates","No Take",5,33.71,36.5539438018382,"20210628",63.2595818269404
1,"Cloates","No Take",1,67.89,73.9364174420162,"20210723",77.0696575194445
1,"Cloates","No Take",2,75.16,81.6503010278541,"20210723",77.0696575194445
1,"Cloates","No Take",3,77.14,83.5829355843585,"20210723",77.0696575194445
1,"Cloates","No Take",4,64,69.5943777478588,"20210723",77.0696575194445
15,"Cloates","No Take",3,47.68,51.6830856150217,"20210723",64.6432727638738
15,"Cloates","No Take",4,71.51,77.6468017957948,"20210723",64.6432727638738
15,"Cloates","No Take",5,72.58,78.6921110641836,"20210723",64.6432727638738
19,"Cloates","No Take",1,35.76,38.9597133387591,"20210723",43.088730878481
19,"Cloates","No Take",2,43.3,46.9677702224467,"20210723",43.088730878481
19,"Cloates","No Take",3,43.82,47.5460479374773,"20210723",43.088730878481
19,"Cloates","No Take",4,38.54,41.909509608387,"20210723",43.088730878481
19,"Cloates","No Take",5,36.98,40.0606132853345,"20210723",43.088730878481
21,"Cloates","No Take",5,65.98,71.6031459792288,"20210723",69.4383484611931
23,"Cloates","No Take",4,89.39,97.223796208519,"20210723",84.4153944331543
7,"Cloates","No Take",1,49.63,54.052480993218,"20210723",70.8400373297127
7,"Cloates","No Take",2,72.4,78.4211764198564,"20210723",70.8400373297127
7,"Cloates","No Take",3,78.14,84.6961196443416,"20210723",70.8400373297127
4,"Cloates","No Take",4,51.05,55.3572055770682,"20210723",55.3572055770682
7,"Cloates","No Take",5,61.13,66.1903722614348,"20210723",70.8400373297127
6,"Cloates","No Take",1,27.26,29.683662441291,"20210723",36.5999292861376
6,"Cloates","No Take",2,56.17,60.8257471309752,"20210723",36.5999292861376
6,"Cloates","No Take",3,26.72,29.0644298356356,"20210723",36.5999292861376
6,"Cloates","No Take",4,24.84,26.9823812856858,"20210723",36.5999292861376
6,"Cloates","No Take",5,33.58,36.4434257371002,"20210723",36.5999292861376
12,"Cloates","No Take",1,48.4,52.7080236850222,"20210723",56.4027850180835
12,"Cloates","No Take",2,62.99,68.2449672752123,"20210723",56.4027850180835
12,"Cloates","No Take",3,51.97,56.34256718873,"20210723",56.4027850180835
12,"Cloates","No Take",4,55.68,60.5290361212795,"20210723",56.4027850180835
12,"Cloates","No Take",5,40.77,44.1893308201737,"20210723",56.4027850180835
1,"Cloates","No Take",5,70.67,76.5842557951351,"20210723",77.0696575194445
15,"Cloates","No Take",1,60.29,65.6750513099265,"20210723",64.6432727638738
15,"Cloates","No Take",2,45.68,49.5193140344424,"20210723",64.6432727638738
21,"Cloates","No Take",1,71.96,78.395393334845,"20210723",69.4383484611931
21,"Cloates","No Take",3,70.49,76.5019886440213,"20210723",69.4383484611931
21,"Cloates","No Take",4,47.5,51.5491196664678,"20210723",69.4383484611931
23,"Cloates","No Take",1,63.35,69.0091924880079,"20210723",84.4153944331543
23,"Cloates","No Take",2,67.68,73.363082657264,"20210723",84.4153944331543
23,"Cloates","No Take",3,103.72,112.789402619281,"20210723",84.4153944331543
23,"Cloates","No Take",5,64.33,69.691498192699,"20210723",84.4153944331543
21,"Cloates","No Take",1,64.61,70.3812655194859,"20210723",69.4383484611931
21,"Cloates","No Take",2,77.04,83.5737045128999,"20210723",69.4383484611931
21,"Cloates","No Take",5,48.09,52.1417338445908,"20210723",69.4383484611931
21,"Cloates","No Take",4,55.62,60.3345815735149,"20210723",69.4383484611931
21,"Cloates","No Take",3,74.2,80.4642030756839,"20210723",69.4383484611931
24,"Cloates","No Take",1,54.11,58.9443389959292,"20210723",102.406483515085
24,"Cloates","No Take",2,83.29,90.498226790354,"20210723",102.406483515085
24,"Cloates","No Take",3,134.03,145.255154374008,"20210723",102.406483515085
24,"Cloates","No Take",4,124.75,135.401473832964,"20210723",102.406483515085
24,"Cloates","No Take",5,75.59,81.933223582169,"20210723",102.406483515085
13,"Cloates","No Take",1,30.25,32.8939505893583,"20210819",39.7910101575118
13,"Cloates","No Take",2,18.82,20.450907730544,"20210819",39.7910101575118
13,"Cloates","No Take",3,44.4,48.0905187161693,"20210819",39.7910101575118
13,"Cloates","No Take",4,57.61,62.7056134062202,"20210819",39.7910101575118
13,"Cloates","No Take",5,32.15,34.8140603452671,"20210819",39.7910101575118
1,"Cloates","No Take",1,60.11,65.4613578236396,"20210819",67.3310082005398
1,"Cloates","No Take",2,61.42,66.7334489052717,"20210819",67.3310082005398
1,"Cloates","No Take",3,62.19,67.3870366152311,"20210819",67.3310082005398
1,"Cloates","No Take",4,62.6,68.0809381393551,"20210819",67.3310082005398
15,"Cloates","No Take",3,63.58,68.916064649986,"20210819",71.8096255603227
15,"Cloates","No Take",4,73.72,80.0492655538186,"20210819",71.8096255603227
15,"Cloates","No Take",5,73.68,79.880618003125,"20210819",71.8096255603227
19,"Cloates","No Take",1,46.82,51.0057945364384,"20210819",55.2169084637139
19,"Cloates","No Take",2,46.36,50.2907492428866,"20210819",55.2169084637139
19,"Cloates","No Take",3,49.06,53.2247399888635,"20210819",55.2169084637139
19,"Cloates","No Take",4,53.9,58.608840434296,"20210819",55.2169084637139
19,"Cloates","No Take",5,58.12,62.9544181160851,"20210819",55.2169084637139
21,"Cloates","No Take",5,51.74,56.1436273514861,"20210819",57.5781409847664
16,"Cloates","No Take",1,50.79,55.3334548208495,"20210819",55.1806720911836
16,"Cloates","No Take",2,45.78,49.6336589479879,"20210819",55.1806720911836
16,"Cloates","No Take",3,55.84,60.5650711268108,"20210819",55.1806720911836
16,"Cloates","No Take",4,49.97,54.215789038146,"20210819",55.1806720911836
16,"Cloates","No Take",5,51.8,56.1553865221236,"20210819",55.1806720911836
7,"Cloates","No Take",1,50.75,55.2699149237696,"20210819",70.5072967307518
7,"Cloates","No Take",2,77.81,84.2799028812548,"20210819",70.5072967307518
7,"Cloates","No Take",3,75.65,82.0023033772268,"20210819",70.5072967307518
4,"Cloates","No Take",4,66.5,72.1168058129004,"20210819",72.1168058129004
7,"Cloates","No Take",5,55.85,60.4770657407561,"20210819",70.5072967307518
6,"Cloates","No Take",1,34.71,37.7957892562978,"20210819",40.7967622309559
6,"Cloates","No Take",2,49.36,53.4516819725312,"20210819",40.7967622309559
6,"Cloates","No Take",3,31.13,33.867891389836,"20210819",40.7967622309559
6,"Cloates","No Take",4,33.8,36.7053722187962,"20210819",40.7967622309559
6,"Cloates","No Take",5,38.85,42.1630763173183,"20210819",40.7967622309559
1,"Cloates","No Take",5,63.66,68.9922595192017,"20210819",67.3310082005398
15,"Cloates","No Take",1,59.71,65.0508879761239,"20210819",71.8096255603227
15,"Cloates","No Take",2,60.11,65.1512916185601,"20210819",71.8096255603227
21,"Cloates","No Take",1,46.93,51.1217172772911,"20210819",57.5781409847664
21,"Cloates","No Take",3,79.25,86.0177995171081,"20210819",57.5781409847664
21,"Cloates","No Take",4,37.74,40.9563019735855,"20210819",57.5781409847664
9,"Cloates","No Take",1,36.66,39.9242450272384,"20210819",54.7984413872726
9,"Cloates","No Take",2,65.84,71.489987922937,"20210819",54.7984413872726
9,"Cloates","No Take",3,87.88,95.2070517354596,"20210819",54.7984413872726
9,"Cloates","No Take",4,34.67,37.6568624105313,"20210819",54.7984413872726
9,"Cloates","No Take",5,27.44,29.7140598401964,"20210819",54.7984413872726
8,"Cloates","No Take",1,47.2,51.3959365496948,"20210819",57.4830866404386
8,"Cloates","No Take",2,56.18,61.0476585082309,"20210819",57.4830866404386
8,"Cloates","No Take",3,47.32,51.2500360173228,"20210819",57.4830866404386
8,"Cloates","No Take",4,56.35,61.1667714329673,"20210819",57.4830866404386
8,"Cloates","No Take",5,57.77,62.5550306939769,"20210819",57.4830866404386
5,"Cloates","No Take",1,100.21,109.085194377239,"20210819",111.787607848063
5,"Cloates","No Take",2,103.56,112.167108208784,"20210819",111.787607848063
5,"Cloates","No Take",3,104.57,113.427684854469,"20210819",111.787607848063
5,"Cloates","No Take",4,89.64,97.4330234937851,"20210819",111.787607848063
5,"Cloates","No Take",5,117.09,126.825028306035,"20210819",111.787607848063
24,"Cloates","No Take",1,61.05,66.5092192628997,"20210819",104.500192228926
24,"Cloates","No Take",2,87.42,94.9649604001717,"20210819",104.500192228926
24,"Cloates","No Take",3,137.61,149.14502020499,"20210819",104.500192228926
24,"Cloates","No Take",4,127.77,138.687433466877,"20210819",104.500192228926
24,"Cloates","No Take",5,67.53,73.1943278096899,"20210819",104.500192228926
12,"Cloates","No Take",1,49.65,54.0711758691538,"20210819",63.8469050959848
12,"Cloates","No Take",2,65.32,70.7733114967665,"20210819",63.8469050959848
12,"Cloates","No Take",3,58.14,63.0332393874163,"20210819",63.8469050959848
12,"Cloates","No Tale",4,62.38,67.8051063502515,"20210819",63.8469050959848
12,"Cloates","No Take",5,58.63,63.5516923763362,"20210819",63.8469050959848
21,"Cloates","No Take",1,48.41,52.7401537325021,"20210819",57.5781409847664
21,"Cloates","No Take",2,53.14,57.6525657076456,"20210819",57.5781409847664
21,"Cloates","No Take",3,65.19,70.6811947876228,"20210819",57.5781409847664
21,"Cloates","No Take",4,50.62,54.9013912466358,"20210819",57.5781409847664
21,"Cloates","No Take",5,44.26,47.9885172690207,"20210819",57.5781409847664
23,"Cloates","No Take",1,52.97,57.7019278547138,"20210819",95.1334338707986
23,"Cloates","No Take",2,63.65,68.9911288815339,"20210819",95.1334338707986
23,"Cloates","No Take",3,102.32,111.266039160576,"20210819",95.1334338707986
23,"Cloates","No Take",4,128.15,139.388162059364,"20210819",95.1334338707986
23,"Cloates","No Take",5,90.76,98.3199113978055,"20210819",95.1334338707986
13,"Cloates","No Take",1,13.24,14.394143033291,"20210927",21.3224554873402
13,"Cloates","No Take",2,20.29,22.0568003376294,"20210927",21.3224554873402
13,"Cloates","No Take",3,30.81,33.3689671021732,"20210927",21.3224554873402
13,"Cloates","No Take",4,24.48,26.6488462775534,"20210927",21.3224554873402
13,"Cloates","No Take",5,9.37,10.1435206860541,"20210927",21.3224554873402
1,"Cloates","No Take",1,57.83,62.9774417634613,"20210927",70.2808025130204
1,"Cloates","No Take",2,56,60.8430213091547,"20210927",70.2808025130204
1,"Cloates","No Take",3,59.68,64.6712905167484,"20210927",70.2808025130204
1,"Cloates","No Take",4,70.73,76.9136078170809,"20210927",70.2808025130204
19,"Cloates","No Take",1,97.57,106.292521862521,"20210927",67.0970652855856
19,"Cloates","No Take",2,62.49,67.7782750129252,"20210927",67.0970652855856
19,"Cloates","No Take",3,43.05,46.7083799189525,"20210927",67.0970652855856
19,"Cloates","No Take",4,45.23,49.1860642442938,"20210927",67.0970652855856
19,"Cloates","No Take",5,60.48,65.5200853892356,"20210927",67.0970652855856
7,"Cloates","No Take",1,31.7,34.5214121192967,"20210927",38.2666542049645
7,"Cloates","No Take",2,33.72,36.52712420923,"20210927",38.2666542049645
7,"Cloates","No Take",3,55.45,60.103746990714,"20210927",38.2666542049645
4,"Cloates","No Take",4,16.45,17.8359534639077,"20210927",17.8359534639077
7,"Cloates","No Take",5,20.24,21.9143335006174,"20210927",38.2666542049645
6,"Cloates","No Take",1,21.59,23.515281928459,"20210927",26.3129270755739
6,"Cloates","No Take",2,40.13,43.4619438979125,"20210927",26.3129270755739
6,"Cloates","No Take",3,22.59,24.5756457622265,"20210927",26.3129270755739
6,"Cloates","No Take",4,14.15,15.3674406821979,"20210927",26.3129270755739
6,"Cloates","No Take",5,22.71,24.6443231070737,"20210927",26.3129270755739
1,"Cloates","No Take",5,79.36,85.9986511586567,"20210927",70.2808025130204
9,"Cloates","No Take",1,38.71,42.1592338819251,"20210927",55.3890783809248
9,"Cloates","No Take",2,56.78,61.6542585097311,"20210927",55.3890783809248
9,"Cloates","No Take",3,74.7,80.9294488903221,"20210927",55.3890783809248
9,"Cloates","No Take",4,45.58,49.5123831703444,"20210927",55.3890783809248
9,"Cloates","No Take",5,39.42,42.6900674523012,"20210927",55.3890783809248
8,"Cloates","No Take",1,50.61,55.1039344153256,"20210927",56.8396185514594
8,"Cloates","No Take",2,57.62,62.6133097146947,"20210927",56.8396185514594
8,"Cloates","No Take",3,56.72,61.4255491768269,"20210927",56.8396185514594
8,"Cloates","No Take",4,46.18,50.1319473825078,"20210927",56.8396185514594
8,"Cloates","No Take",5,50.72,54.923352067942,"20210927",56.8396185514594
5,"Cloates","No Take",1,103.79,112.98133041942,"20210927",98.7822763841489
5,"Cloates","No Take",2,74.93,81.1610943009232,"20210927",98.7822763841489
5,"Cloates","No Take",3,96.7,104.89481900336,"20210927",98.7822763841489
5,"Cloates","No Take",4,96.09,104.436583075705,"20210927",98.7822763841489
5,"Cloates","No Take",5,83.5,90.437555121337,"20210927",98.7822763841489
24,"Cloates","No Take",1,63.03,68.6688643389753,"20210927",108.200923726056
24,"Cloates","No Take",2,83.44,90.6431837720964,"20210927",108.200923726056
24,"Cloates","No Take",3,144.23,156.322065420068,"20210927",108.200923726056
24,"Cloates","No Take",4,133.66,145.075993232802,"20210927",108.200923726056
24,"Cloates","No Take",5,74.07,80.2945118663365,"20210927",108.200923726056
12,"Cloates","No Take",1,38.13,41.5246091371241,"20210927",58.0058166811901
12,"Cloates","No Take",2,52.6,56.989079164725,"20210927",58.0058166811901
12,"Cloates","No Take",3,62.84,68.1219206790068,"20210927",58.0058166811901
12,"Cloates","No Take",4,65.84,71.5681700540301,"20210927",58.0058166811901
12,"Cloates","No Take",5,47.81,51.8253043710645,"20210927",58.0058166811901
1,"Cloates","No Take",1,36.7,39.9697218358664,"20211030",49.7282081717248
1,"Cloates","No Take",2,54.46,59.1622535141577,"20211030",49.7282081717248
1,"Cloates","No Take",3,60.53,65.5944614136544,"20211030",49.7282081717248
1,"Cloates","No Take",4,41.08,44.6726161768718,"20211030",49.7282081717248
2,"Cloates","No Take",1,23.9,26.0240579136583,"20211030",32.1392772440388
2,"Cloates","No Take",2,28.43,30.806562794919,"20211030",32.1392772440388
2,"Cloates","No Take",3,34.65,37.6464904029181,"20211030",32.1392772440388
2,"Cloates","No Take",4,37.67,40.9271896173847,"20211030",32.1392772440388
3,"Cloates","No Take",1,18.47,20.1164722899044,"20211030",22.4762787112534
3,"Cloates","No Take",2,25.11,27.2254133192252,"20211030",22.4762787112534
3,"Cloates","No Take",3,22.48,24.3813806055427,"20211030",22.4762787112534
3,"Cloates","No Take",4,20.3,22.0521962233384,"20211030",22.4762787112534
3,"Cloates","No Take",5,17.17,18.6059311182564,"20211030",22.4762787112534
18,"Cloates","No Take",2,45.01,48.7993808268693,"20211030",46.7479192491729
18,"Cloates","No Take",3,47.72,51.8066553038887,"20211030",46.7479192491729
18,"Cloates","No Take",4,40.69,44.1729818158905,"20211030",46.7479192491729
18,"Cloates","No Take",5,43.08,46.7400368265935,"20211030",46.7479192491729
15,"Cloates","No Take",3,50.62,54.873280966316,"20211030",56.32153976832
15,"Cloates","No Take",4,52.31,56.8107713262026,"20211030",56.32153976832
15,"Cloates","No Take",5,60.62,65.713855610717,"20211030",56.32153976832
19,"Cloates","No Take",1,61.92,67.4513095666569,"20211030",53.204300355564
19,"Cloates","No Take",2,46.94,50.9152970665414,"20211030",53.204300355564
19,"Cloates","No Take",3,45.05,48.877151945585,"20211030",53.204300355564
19,"Cloates","No Take",4,38.35,41.7005520137414,"20211030",53.204300355564
19,"Cloates","No Take",5,52.69,57.0771911852953,"20211030",53.204300355564
21,"Cloates","No Take",5,56.38,61.1850075171825,"20211030",80.3708898274954
16,"Cloates","No Take",1,63.34,69.0056217327921,"20211030",62.0791642093402
16,"Cloates","No Take",2,53.55,58.0578927298347,"20211030",62.0791642093402
16,"Cloates","No Take",3,57.11,61.9399684651275,"20211030",62.0791642093402
16,"Cloates","No Take",4,57.73,62.6406241673343,"20211030",62.0791642093402
16,"Cloates","No Take",5,54.19,58.7517139516126,"20211030",62.0791642093402
7,"Cloates","No Take",1,30.73,33.4642662520445,"20211030",65.934297518302
7,"Cloates","No Take",2,89.04,96.4403396757151,"20211030",65.934297518302
7,"Cloates","No Take",3,91.34,99.0099675326395,"20211030",65.934297518302
4,"Cloates","No Take",4,45.45,49.2931342163519,"20211030",49.2931342163519
7,"Cloates","No Take",5,32.16,34.8226166128091,"20211030",65.934297518302
6,"Cloates","No Take",1,18.08,19.6934071932484,"20211030",21.4953048056227
6,"Cloates","No Take",2,36.24,39.2438387638424,"20211030",21.4953048056227
6,"Cloates","No Take",3,14.01,15.2446436638813,"20211030",21.4953048056227
6,"Cloates","No Take",4,14.62,15.8832286842776,"20211030",21.4953048056227
6,"Cloates","No Take",5,16.04,17.4114057228639,"20211030",21.4953048056227
1,"Cloates","No Take",5,36.21,39.2419879180736,"20211030",49.7282081717248
2,"Cloates","No Take",5,23.33,25.292085491314,"20211030",32.1392772440388
18,"Cloates","No Take",1,38.76,42.2205414726224,"20211030",46.7479192491729
15,"Cloates","No Take",1,50.32,54.81350046293,"20211030",56.32153976832
15,"Cloates","No Take",2,45.57,49.3962904754343,"20211030",56.32153976832
21,"Cloates","No Take",1,91.85,100.057278465706,"20211030",80.3708898274954
21,"Cloates","No Take",3,101.88,110.583709342135,"20211030",80.3708898274954
21,"Cloates","No Take",4,45.75,49.6575639849578,"20211030",80.3708898274954
8,"Cloates","No Take",1,27.53,29.9772766562095,"20211030",49.4423058631506
8,"Cloates","No Take",2,59.12,64.247958803748,"20211030",49.4423058631506
8,"Cloates","No Take",3,62.46,67.647280575318,"20211030",49.4423058631506
8,"Cloates","No Take",4,42.97,46.6405828496284,"20211030",49.4423058631506
8,"Cloates","No Take",5,35.74,38.6984304308489,"20211030",49.4423058631506
5,"Cloates","No Take",1,32.25,35.1080084597286,"20211030",46.232176019287
5,"Cloates","No Take",2,44.53,48.233157164931,"20211030",46.232176019287
5,"Cloates","No Take",3,50,54.2295950644457,"20211030",46.232176019287
5,"Cloates","No Take",4,48.02,52.1941864586609,"20211030",46.232176019287
5,"Cloates","No Take",5,38.22,41.3959329486688,"20211030",46.232176019287
24,"Cloates","No Take",1,63.73,69.4315940867674,"20211030",109.954011175386
24,"Cloates","No Take",2,76.03,82.6017620913017,"20211030",109.954011175386
24,"Cloates","No Take",3,145.15,157.311337350402,"20211030",109.954011175386
24,"Cloates","No Take",4,124.67,135.329529311395,"20211030",109.954011175386
24,"Cloates","No Take",5,96.95,105.095833037066,"20211030",109.954011175386
12,"Cloates","N",1,38.12,41.5144030814331,"20211030",69.5516056509386
12,"Cloates","No Take",2,72.95,79.0296334861425,"20211030",69.5516056509386
12,"Cloates","No Take",3,90.71,98.3529036378909,"20211030",69.5516056509386
12,"Cloates","No Take",4,71.81,78.0600486849447,"20211030",69.5516056509386
12,"Cloates","No Take",5,46.86,50.8010393642819,"20211030",69.5516056509386
22,"Cloates","No Take",1,58.75,64.0034971858207,"20211030",77.4157999665052
22,"Cloates","No Take",2,60.47,65.5746384925888,"20211030",77.4157999665052
22,"Cloates","No Take",3,53.72,58.3300740538112,"20211030",77.4157999665052
22,"Cloates","No Take",4,27.65,30.0466326178213,"20211030",77.4157999665052
22,"Cloates","No Take",5,35.72,38.7205594665129,"20211030",77.4157999665052
22,"Cloates","No Take",1,51.79,56.4218445556551,"20211030",77.4157999665052
22,"Cloates","No Take",2,71.99,78.0312043556127,"20211030",77.4157999665052
22,"Cloates","No Take",3,92.08,100.126408991123,"20211030",77.4157999665052
22,"Cloates","No Take",4,142.63,155.121448926644,"20211030",77.4157999665052
22,"Cloates","No Take",5,117.96,127.781691019463,"20211030",77.4157999665052
13,"Cloates","No Take",1,20.99,22.8212548204869,"20211220",28.1475583911638
13,"Cloates","No Take",2,21.35,23.2070176812256,"20211220",28.1475583911638
13,"Cloates","No Take",3,42.3,45.8201799294393,"20211220",28.1475583911638
13,"Cloates","No Take",4,30.12,32.7860826378652,"20211220",28.1475583911638
13,"Cloates","No Take",5,14.87,16.1032568868019,"20211220",28.1475583911638
1,"Cloates","No Take",1,23.05,25.0996433195053,"20211220",36.3943927261963
1,"Cloates","No Take",2,43.55,47.3128892489785,"20211220",36.3943927261963
1,"Cloates","No Take",3,42.04,45.5538171533957,"20211220",36.3943927261963
1,"Cloates","No Take",4,37.65,40.946651455016,"20211220",36.3943927261963
2,"Cloates","No Take",1,18.28,19.9127170042621,"20211220",33.4449183427913
2,"Cloates","No Take",2,27.2,29.4692909570681,"20211220",33.4449183427913
2,"Cloates","No Take",3,46.39,50.4079276402524,"20211220",33.4449183427913
2,"Cloates","No Take",4,39.73,43.1621047624456,"20211220",33.4449183427913
3,"Cloates","No Take",1,27.29,29.7181436491286,"20211220",27.5689421324751
3,"Cloates","No Take",2,27.22,29.5080507937344,"20211220",27.5689421324751
3,"Cloates","No Take",3,25.82,28.0140586281818,"20211220",27.5689421324751
3,"Cloates","No Take",4,22.94,24.9270434815164,"20211220",27.5689421324751
3,"Cloates","No Take",5,23.69,25.6774141098144,"20211220",27.5689421324751
18,"Cloates","No Take",2,34.78,37.7013455063625,"20211220",44.9972167535755
18,"Cloates","No Take",3,45.5,49.3927313325044,"20211220",44.9972167535755
18,"Cloates","No Take",4,51.1,55.4697647772934,"20211220",44.9972167535755
18,"Cloates","No Take",5,44.79,48.5919317914061,"20211220",44.9972167535755
15,"Cloates","No Take",3,34.77,37.6931144253122,"20211220",47.5889739488248
15,"Cloates","No Take",4,39.96,43.395675550838,"20211220",47.5889739488248
15,"Cloates","No Take",5,46.22,50.1038982651016,"20211220",47.5889739488248
19,"Cloates","No Take",1,46.82,51.0057945364384,"20211220",44.5628068545534
19,"Cloates","No Take",2,55.28,59.9583166827043,"20211220",44.5628068545534
19,"Cloates","No Take",3,43.05,46.7083799189525,"20211220",44.5628068545534
19,"Cloates","No Take",4,31.25,33.9813232820467,"20211220",44.5628068545534
19,"Cloates","No Take",5,28.76,31.1602198526249,"20211220",44.5628068545534
21,"Cloates","No Take",5,48.3,52.4093619939953,"20211220",66.0066452719316
16,"Cloates","No Take",1,53.48,58.2623071558805,"20211220",51.6043830721787
16,"Cloates","No Take",2,44.51,48.254112476708,"20211220",51.6043830721787
16,"Cloates","No Take",3,52.86,57.3334770156912,"20211220",51.6043830721787
16,"Cloates","No Take",4,44.53,48.315890635541,"20211220",51.6043830721787
16,"Cloates","No Take",5,42.3,45.8561280770727,"20211220",51.6043830721787
7,"Cloates","No Take",1,35.43,38.5898077270822,"20211220",53.3260548526116
7,"Cloates","No Take",2,60.28,65.2910042133218,"20211220",53.3260548526116
7,"Cloates","No Take",3,63.9,69.2671837079184,"20211220",53.3260548526116
4,"Cloates","No Take",4,42.43,46.0194629714263,"20211220",46.0194629714263
7,"Cloates","No Take",5,37.08,40.1562237621241,"20211220",53.3260548526116
6,"Cloates","No Take",1,24.2,26.3504253716127,"20211220",19.1367118908983
6,"Cloates","No Take",2,23.92,25.898301128829,"20211220",19.1367118908983
6,"Cloates","No Take",3,11.39,12.3863988643985,"20211220",19.1367118908983
6,"Cloates","No Take",4,11.62,12.6264363988331,"20211220",19.1367118908983
6,"Cloates","No Take",5,16.97,18.4219976908181,"20211220",19.1367118908983
1,"Cloates","No Take",5,21.28,23.058962454086,"20211220",36.3943927261963
2,"Cloates","No Take",5,22.39,24.2725513499285,"20211220",33.4449183427913
18,"Cloates","No Take",1,31.06,33.8303103603111,"20211220",44.9972167535755
15,"Cloates","No Take",1,59.71,65.0508879761239,"20211220",47.5889739488248
15,"Cloates","No Take",2,38.47,41.7012935267483,"20211220",47.5889739488248
21,"Cloates","No Take",1,68.23,74.3234454977314,"20211220",66.0066452719316
21,"Cloates","No Take",3,92.29,100.169190794997,"20211220",66.0066452719316
21,"Cloates","No Take",4,34.21,37.1245828010026,"20211220",66.0066452719316
14,"Cloates","No Take",1,29.03,31.6081187592333,"20211220",34.0450420858697
14,"Cloates","No Take",2,40.15,43.5081067087899,"20211220",34.0450420858697
14,"Cloates","No Take",3,31.08,33.8014779588698,"20211220",34.0450420858697
14,"Cloates","No Take",4,18.39,19.9968197204671,"20211220",34.0450420858697
14,"Cloates","No Take",5,38.14,41.3106872819882,"20211220",34.0450420858697
9,"Cloates","No Take",1,40.06,43.6253227216544,"20211220",52.2570463646911
9,"Cloates","No Take",2,57.55,62.4882394486031,"20211220",52.2570463646911
9,"Cloates","No Take",3,84.95,92.0344818475229,"20211220",52.2570463646911
9,"Cloates","No Take",4,37.02,40.2087058593274,"20211220",52.2570463646911
9,"Cloates","No Take",5,21.17,22.9284819463476,"20211220",52.2570463646911
8,"Cloates","No Take",1,41.8,45.5126100497914,"20211220",47.6466721997551
8,"Cloates","No Take",2,56.98,61.9174886498773,"20211220",47.6466721997551
8,"Cloates","No Take",3,50.86,55.0747812208354,"20211220",47.6466721997551
8,"Cloates","No Take",4,35.73,38.7807036965756,"20211220",47.6466721997551
8,"Cloates","No Take",5,34.12,36.9477773816958,"20211220",47.6466721997551
5,"Cloates","No Take",1,43.14,46.9668547226153,"20211220",45.3512696171883
5,"Cloates","No Take",2,40.61,43.9802394822722,"20211220",45.3512696171883
5,"Cloates","No Take",3,43.79,47.4925645478278,"20211220",45.3512696171883
5,"Cloates","No Take",4,46.93,51.0065512873704,"20211220",45.3512696171883
5,"Cloates","No Take",5,34.45,37.3101380458559,"20211220",45.3512696171883
24,"Cloates","No Take",1,69.27,75.465023184243,"20211220",100.306471929185
24,"Cloates","No Take",2,66.34,72.0697495574951,"20211220",100.306471929185
24,"Cloates","No Take",3,138.48,150.080072071737,"20211220",100.306471929185
24,"Cloates","No Take",4,105.04,114.007701007808,"20211220",100.306471929185
24,"Cloates","No Take",5,82.95,89.9098138246431,"20211220",100.306471929185
