"","id","Location","area","halo_lat","halo_lon","Status","date","MeanLength","month","year","mean_sst","mean_chla","total_monthly_rain","monthly_PAR"
"1","1","Cloates",147.972774174855,-22.6337215168295,113.638172051313,"No Take",2021-01-28,43.7717501166126,"1","2021",27.7344868035191,0.236700007558198,0,702.524747763016
"2","1","Cloates",147.972774174855,-22.6337215168295,113.638172051313,"No Take",2021-03-21,43.879466163412,"3","2021",28.3256304985337,0.300933397679685,90.4,585.539854245806
"3","1","Cloates",147.972774174855,-22.6337215168295,113.638172051313,"No Take",2021-04-21,47.7586505730055,"4","2021",28.7427575757576,0.271278114488865,38.2,496.029331869142
"4","1","Cloates",147.972774174855,-22.6337215168295,113.638172051313,"No Take",2021-05-21,67.9943286792302,"5","2021",27.490219941349,0.519987406011721,49.2,389.749347907082
"5","1","Cloates",147.972774174855,-22.6337215168295,113.638172051313,"No Take",2021-06-28,77.8465404829191,"6","2021",25.1294696969697,0.530471174577095,51.8,311.945641596217
"6","1","Cloates",147.972774174855,-22.6337215168295,113.638172051313,"No Take",2021-07-23,77.0696575194445,"7","2021",24.063211143695,0.390418541042288,4.6,366.194988176378
"7","1","Cloates",147.972774174855,-22.6337215168295,113.638172051313,"No Take",2021-08-19,67.3310082005398,"8","2021",23.2733724340176,0.385758501368299,30.8,454.411681578392
"8","1","Cloates",147.972774174855,-22.6337215168295,113.638172051313,"No Take",2021-09-27,70.2808025130204,"9","2021",23.144196969697,0.340101675976654,0,564.031228040019
"9","1","Cloates",147.972774174855,-22.6337215168295,113.638172051313,"No Take",2021-10-30,49.7282081717248,"10","2021",23.1656451612903,0.412560353048568,0.4,637.110776133041
"10","1","Cloates",147.972774174855,-22.6337215168295,113.638172051313,"No Take",2021-12-20,36.3943927261963,"12","2021",25.1929032258065,0.478626936674118,0,669.183569442195
"11","1","Cloates",147.972774174855,-22.6337215168295,113.638172051313,"No Take",2019-12-03,48.9518621546934,"12","2019",25.4441348973607,0.536790365681929,0.2,872.929541953514
"12","1","Cloates",147.972774174855,-22.6337215168295,113.638172051313,"No Take",2019-11-07,52.0190863896049,"11","2019",23.7898181818182,0.488925077386048,0,831.838688704741
"13","1","Cloates",147.972774174855,-22.6337215168295,113.638172051313,"No Take",2019-06-20,74.9309776246161,"6","2019",25.0505303030303,0.519977473349559,63.6,469.159158587489
"14","1","Cloates",147.972774174855,-22.6337215168295,113.638172051313,"No Take",2019-05-16,71.9466121067923,"5","2019",26.4265249266862,0.4156445980922,0,562.530021400518
"15","1","Cloates",147.972774174855,-22.6337215168295,113.638172051313,"No Take",2019-04-26,44.2399073094913,"4","2019",27.2734848484848,0.772207170486577,49.6,609.495775996746
"16","1","Cloates",147.972774174855,-22.6337215168295,113.638172051313,"No Take",2019-03-07,32.992229967398,"3","2019",27.2540322580645,0.359922168786044,28.6,737.788354888727
"17","1","Cloates",147.972774174855,-22.6337215168295,113.638172051313,"No Take",2019-02-20,27.2769819376412,"2","2019",25.5975,0.999623799188571,0,842.016565825023
"18","1","Cloates",147.972774174855,-22.6337215168295,113.638172051313,"No Take",2019-01-10,26.5301010866132,"1","2019",24.9567302052786,0.734631480800139,0,848.729757900723
"19","1","Cloates",147.972774174855,-22.6337215168295,113.638172051313,"No Take",2018-12-29,31.9475599742017,"12","2018",23.1565835777126,0.414717436418043,0,880.345699282895
"20","1","Cloates",147.972774174855,-22.6337215168295,113.638172051313,"No Take",2018-11-26,42.8565850438246,"11","2018",22.4933636363636,0.369392611944314,0,851.438100402071
"21","1","Cloates",147.972774174855,-22.6337215168295,113.638172051313,"No Take",2018-09-22,76.4456589811399,"9","2018",22.0920909090909,0.340430619285024,0,758.853623113083
"22","1","Cloates",147.972774174855,-22.6337215168295,113.638172051313,"No Take",2018-08-23,98.5004826992416,"8","2018",22.6193255131965,0.431172944506761,1.2,641.14912359352
"23","1","Cloates",147.972774174855,-22.6337215168295,113.638172051313,"No Take",2018-07-27,80.5551028454993,"7","2018",23.9083870967742,0.477772873572963,5.6,534.493021245095
"24","1","Cloates",147.972774174855,-22.6337215168295,113.638172051313,"No Take",2018-06-29,84.6783825091478,"6","2018",25.3614393939394,0.481870665430204,91.2,456.894436337698
"25","1","Cloates",147.972774174855,-22.6337215168295,113.638172051313,"No Take",2018-05-21,72.3634546975604,"5","2018",27.1361436950147,0.557236825807767,11.4,546.498304404481
"26","1","Cloates",147.972774174855,-22.6337215168295,113.638172051313,"No Take",2018-04-03,34.1128880717351,"4","2018",27.5039545454545,0.469006205604158,0,642.317717372906
"27","1","Cloates",147.972774174855,-22.6337215168295,113.638172051313,"No Take",2018-02-01,34.7742707800727,"2","2018",26.5768993506494,0.269523388411425,28.2,754.087282764276
"28","1","Cloates",147.972774174855,-22.6337215168295,113.638172051313,"No Take",2018-01-06,37.410817146859,"1","2018",26.9581671554252,0.305231572962121,17.6,737.528922925493
"29","1","Cloates",147.972774174855,-22.6337215168295,113.638172051313,"No Take",2017-10-27,81.1939593851497,"10","2017",22.8758797653959,0.610328279570122,0,732.280066259139
"30","1","Cloates",147.972774174855,-22.6337215168295,113.638172051313,"No Take",2017-06-29,64.663172127849,"6","2017",25.682196969697,0.554506781156778,9.6,386.013216868415
"31","1","Cloates",147.972774174855,-22.6337215168295,113.638172051313,"No Take",2017-04-12,32.1228247513667,"4","2017",28.2588181818182,0.78133076572573,1.8,541.467820676801
"32","1","Cloates",147.972774174855,-22.6337215168295,113.638172051313,"No Take",2017-03-31,32.1228247513667,"3","2017",27.4548387096774,0.69142177107991,1.8,669.878303124111
"33","1","Cloates",147.972774174855,-22.6337215168295,113.638172051313,"No Take",2017-01-13,25.7044012517692,"1","2017",25.2148240469208,0.361097451920311,10,734.841692715485
"34","1","Cloates",147.972774174855,-22.6337215168295,113.638172051313,"No Take",2019-08-11,71.2868327861602,"8","2019",22.647008797654,0.365423101397535,6,605.141148892785
"35","1","Cloates",147.972774174855,-22.6337215168295,113.638172051313,"No Take",2019-07-31,78.0287496802474,"7","2019",23.5522140762463,0.425781565916124,25,484.700275060492
"36","2","Cloates",79.482825409275,-22.633471917831,113.639511473693,"No Take",2021-01-28,43.7099670552463,"1","2021",27.7344868035191,0.236700007558198,0,702.524747763016
"37","2","Cloates",79.482825409275,-22.633471917831,113.639511473693,"No Take",2021-03-21,41.4898404990546,"3","2021",28.3256304985337,0.300933397679685,90.4,585.539854245806
"38","2","Cloates",79.482825409275,-22.633471917831,113.639511473693,"No Take",2021-04-21,34.9210104396549,"4","2021",28.7427575757576,0.271278114488865,38.2,496.029331869142
"39","2","Cloates",79.482825409275,-22.633471917831,113.639511473693,"No Take",2021-10-30,32.1392772440388,"10","2021",23.1656451612903,0.412560353048568,0.4,637.110776133041
"40","2","Cloates",79.482825409275,-22.633471917831,113.639511473693,"No Take",2021-12-20,33.4449183427913,"12","2021",25.1929032258065,0.478626936674118,0,669.183569442195
"41","2","Cloates",79.482825409275,-22.633471917831,113.639511473693,"No Take",2019-12-03,21.9953397155338,"12","2019",25.4441348973607,0.536790365681929,0.2,872.929541953514
"42","2","Cloates",79.482825409275,-22.633471917831,113.639511473693,"No Take",2019-11-07,36.562784552325,"11","2019",23.7898181818182,0.488925077386048,0,831.838688704741
"43","2","Cloates",79.482825409275,-22.633471917831,113.639511473693,"No Take",2019-03-07,46.8090251889619,"3","2019",27.2540322580645,0.359922168786044,28.6,737.788354888727
"44","2","Cloates",79.482825409275,-22.633471917831,113.639511473693,"No Take",2019-02-20,37.5239355700784,"2","2019",25.5975,0.999623799188571,0,842.016565825023
"45","2","Cloates",79.482825409275,-22.633471917831,113.639511473693,"No Take",2019-01-10,32.1574700241709,"1","2019",24.9567302052786,0.734631480800139,0,848.729757900723
"46","2","Cloates",79.482825409275,-22.633471917831,113.639511473693,"No Take",2018-12-29,35.0578263790094,"12","2018",23.1565835777126,0.414717436418043,0,880.345699282895
"47","2","Cloates",79.482825409275,-22.633471917831,113.639511473693,"No Take",2018-11-26,40.8207797415592,"11","2018",22.4933636363636,0.369392611944314,0,851.438100402071
"48","2","Cloates",79.482825409275,-22.633471917831,113.639511473693,"No Take",2018-04-03,43.7917053591128,"4","2018",27.5039545454545,0.469006205604158,0,642.317717372906
"49","2","Cloates",79.482825409275,-22.633471917831,113.639511473693,"No Take",2018-02-01,44.1578806985666,"2","2018",26.5768993506494,0.269523388411425,28.2,754.087282764276
"50","2","Cloates",79.482825409275,-22.633471917831,113.639511473693,"No Take",2018-01-06,45.147044251004,"1","2018",26.9581671554252,0.305231572962121,17.6,737.528922925493
"51","2","Cloates",79.482825409275,-22.633471917831,113.639511473693,"No Take",2017-06-29,56.5189938701803,"6","2017",25.682196969697,0.554506781156778,9.6,386.013216868415
"52","2","Cloates",79.482825409275,-22.633471917831,113.639511473693,"No Take",2017-04-12,43.1548264585416,"4","2017",28.2588181818182,0.78133076572573,1.8,541.467820676801
"53","2","Cloates",79.482825409275,-22.633471917831,113.639511473693,"No Take",2017-03-31,43.1548264585416,"3","2017",27.4548387096774,0.69142177107991,1.8,669.878303124111
"54","2","Cloates",79.482825409275,-22.633471917831,113.639511473693,"No Take",2017-01-13,42.030268107751,"1","2017",25.2148240469208,0.361097451920311,10,734.841692715485
"55","3","Cloates",196.633012941115,-22.6341789680762,113.63998888749,"No Take",2021-03-21,31.3646999676186,"3","2021",28.3256304985337,0.300933397679685,90.4,585.539854245806
"56","3","Cloates",196.633012941115,-22.6341789680762,113.63998888749,"No Take",2021-05-21,62.0888836851862,"5","2021",27.490219941349,0.519987406011721,49.2,389.749347907082
"57","3","Cloates",196.633012941115,-22.6341789680762,113.63998888749,"No Take",2021-10-30,22.4762787112534,"10","2021",23.1656451612903,0.412560353048568,0.4,637.110776133041
"58","3","Cloates",196.633012941115,-22.6341789680762,113.63998888749,"No Take",2021-12-20,27.5689421324751,"12","2021",25.1929032258065,0.478626936674118,0,669.183569442195
"59","3","Cloates",196.633012941115,-22.6341789680762,113.63998888749,"No Take",2019-12-03,28.1312207421989,"12","2019",25.4441348973607,0.536790365681929,0.2,872.929541953514
"60","3","Cloates",196.633012941115,-22.6341789680762,113.63998888749,"No Take",2019-11-07,27.9264777992413,"11","2019",23.7898181818182,0.488925077386048,0,831.838688704741
"61","3","Cloates",196.633012941115,-22.6341789680762,113.63998888749,"No Take",2019-03-07,27.4564751725469,"3","2019",27.2540322580645,0.359922168786044,28.6,737.788354888727
"62","3","Cloates",196.633012941115,-22.6341789680762,113.63998888749,"No Take",2019-02-20,22.2377175936208,"2","2019",25.5975,0.999623799188571,0,842.016565825023
"63","3","Cloates",196.633012941115,-22.6341789680762,113.63998888749,"No Take",2019-01-10,17.1472426091373,"1","2019",24.9567302052786,0.734631480800139,0,848.729757900723
"64","3","Cloates",196.633012941115,-22.6341789680762,113.63998888749,"No Take",2018-12-29,28.7328167950908,"12","2018",23.1565835777126,0.414717436418043,0,880.345699282895
"65","3","Cloates",196.633012941115,-22.6341789680762,113.63998888749,"No Take",2018-11-26,28.1790436637817,"11","2018",22.4933636363636,0.369392611944314,0,851.438100402071
"66","3","Cloates",196.633012941115,-22.6341789680762,113.63998888749,"No Take",2018-04-03,37.41171010581,"4","2018",27.5039545454545,0.469006205604158,0,642.317717372906
"67","3","Cloates",196.633012941115,-22.6341789680762,113.63998888749,"No Take",2018-02-01,29.0020358978465,"2","2018",26.5768993506494,0.269523388411425,28.2,754.087282764276
"68","3","Cloates",196.633012941115,-22.6341789680762,113.63998888749,"No Take",2018-01-06,30.3446942350046,"1","2018",26.9581671554252,0.305231572962121,17.6,737.528922925493
"69","3","Cloates",196.633012941115,-22.6341789680762,113.63998888749,"No Take",2017-06-29,68.6665862482619,"6","2017",25.682196969697,0.554506781156778,9.6,386.013216868415
"70","3","Cloates",196.633012941115,-22.6341789680762,113.63998888749,"No Take",2017-04-12,29.4516846731578,"4","2017",28.2588181818182,0.78133076572573,1.8,541.467820676801
"71","3","Cloates",196.633012941115,-22.6341789680762,113.63998888749,"No Take",2017-03-31,29.4516846731578,"3","2017",27.4548387096774,0.69142177107991,1.8,669.878303124111
"72","3","Cloates",196.633012941115,-22.6341789680762,113.63998888749,"No Take",2017-01-13,31.7941820257176,"1","2017",25.2148240469208,0.361097451920311,10,734.841692715485
"73","3","Cloates",196.633012941115,-22.6341789680762,113.63998888749,"No Take",2019-07-31,62.6105617728675,"7","2019",23.5522140762463,0.425781565916124,25,484.700275060492
"74","4","Cloates",74.4398705528064,-22.6334697976063,113.641330420182,"No Take",2021-01-28,56.8659849456451,"1","2021",27.7344868035191,0.236700007558198,0,702.524747763016
"75","4","Cloates",74.4398705528064,-22.6334697976063,113.641330420182,"No Take",2021-03-21,61.6376704099425,"3","2021",28.3256304985337,0.300933397679685,90.4,585.539854245806
"76","4","Cloates",74.4398705528064,-22.6334697976063,113.641330420182,"No Take",2021-04-21,61.5258812731362,"4","2021",28.7427575757576,0.271278114488865,38.2,496.029331869142
"77","4","Cloates",74.4398705528064,-22.6334697976063,113.641330420182,"No Take",2021-05-21,59.5225888621981,"5","2021",27.490219941349,0.519987406011721,49.2,389.749347907082
"78","4","Cloates",74.4398705528064,-22.6334697976063,113.641330420182,"No Take",2021-06-28,40.956039193954,"6","2021",25.1294696969697,0.530471174577095,51.8,311.945641596217
"79","4","Cloates",74.4398705528064,-22.6334697976063,113.641330420182,"No Take",2021-07-23,55.3572055770682,"7","2021",24.063211143695,0.390418541042288,4.6,366.194988176378
"80","4","Cloates",74.4398705528064,-22.6334697976063,113.641330420182,"No Take",2021-08-19,72.1168058129004,"8","2021",23.2733724340176,0.385758501368299,30.8,454.411681578392
"81","4","Cloates",74.4398705528064,-22.6334697976063,113.641330420182,"No Take",2021-09-27,17.8359534639077,"9","2021",23.144196969697,0.340101675976654,0,564.031228040019
"82","4","Cloates",74.4398705528064,-22.6334697976063,113.641330420182,"No Take",2021-10-30,49.2931342163519,"10","2021",23.1656451612903,0.412560353048568,0.4,637.110776133041
"83","4","Cloates",74.4398705528064,-22.6334697976063,113.641330420182,"No Take",2021-12-20,46.0194629714263,"12","2021",25.1929032258065,0.478626936674118,0,669.183569442195
"84","4","Cloates",74.4398705528064,-22.6334697976063,113.641330420182,"No Take",2019-12-03,40.6295095891588,"12","2019",25.4441348973607,0.536790365681929,0.2,872.929541953514
"85","4","Cloates",74.4398705528064,-22.6334697976063,113.641330420182,"No Take",2019-11-07,59.311780360682,"11","2019",23.7898181818182,0.488925077386048,0,831.838688704741
"86","4","Cloates",74.4398705528064,-22.6334697976063,113.641330420182,"No Take",2019-05-16,62.953493260063,"5","2019",26.4265249266862,0.4156445980922,0,562.530021400518
"87","4","Cloates",74.4398705528064,-22.6334697976063,113.641330420182,"No Take",2018-11-26,49.9686071006162,"11","2018",22.4933636363636,0.369392611944314,0,851.438100402071
"88","4","Cloates",74.4398705528064,-22.6334697976063,113.641330420182,"No Take",2018-09-22,65.4195652120269,"9","2018",22.0920909090909,0.340430619285024,0,758.853623113083
"89","4","Cloates",74.4398705528064,-22.6334697976063,113.641330420182,"No Take",2018-08-23,53.5184065031084,"8","2018",22.6193255131965,0.431172944506761,1.2,641.14912359352
"90","4","Cloates",74.4398705528064,-22.6334697976063,113.641330420182,"No Take",2018-07-27,75.6716619947889,"7","2018",23.9083870967742,0.477772873572963,5.6,534.493021245095
"91","4","Cloates",74.4398705528064,-22.6334697976063,113.641330420182,"No Take",2018-06-29,62.0341875210565,"6","2018",25.3614393939394,0.481870665430204,91.2,456.894436337698
"92","4","Cloates",74.4398705528064,-22.6334697976063,113.641330420182,"No Take",2018-05-21,73.0859650779805,"5","2018",27.1361436950147,0.557236825807767,11.4,546.498304404481
"93","4","Cloates",74.4398705528064,-22.6334697976063,113.641330420182,"No Take",2017-06-29,70.6058701633893,"6","2017",25.682196969697,0.554506781156778,9.6,386.013216868415
"94","4","Cloates",74.4398705528064,-22.6334697976063,113.641330420182,"No Take",2017-04-12,16.4122981994153,"4","2017",28.2588181818182,0.78133076572573,1.8,541.467820676801
"95","4","Cloates",74.4398705528064,-22.6334697976063,113.641330420182,"No Take",2017-03-31,16.4122981994153,"3","2017",27.4548387096774,0.69142177107991,1.8,669.878303124111
"96","4","Cloates",74.4398705528064,-22.6334697976063,113.641330420182,"No Take",2019-08-11,55.0977989115592,"8","2019",22.647008797654,0.365423101397535,6,605.141148892785
"97","4","Cloates",74.4398705528064,-22.6334697976063,113.641330420182,"No Take",2019-07-31,59.8847775360344,"7","2019",23.5522140762463,0.425781565916124,25,484.700275060492
"98","4","Cloates",74.4398705528064,-22.6334697976063,113.641330420182,"No Take",2017-09-05,47.1661933004994,"9","2017",23.1203636363636,0.47545409121085,14.6,606.821891761535
"99","5","Cloates",298.000525732355,-22.6304074691134,113.637377494157,"No Take",2021-01-28,43.3217636372719,"1","2021",27.7344868035191,0.236700007558198,0,702.524747763016
"100","5","Cloates",298.000525732355,-22.6304074691134,113.637377494157,"No Take",2021-03-21,31.0485589033698,"3","2021",28.3256304985337,0.300933397679685,90.4,585.539854245806
"101","5","Cloates",298.000525732355,-22.6304074691134,113.637377494157,"No Take",2021-04-21,56.5891657791435,"4","2021",28.7427575757576,0.271278114488865,38.2,496.029331869142
"102","5","Cloates",298.000525732355,-22.6304074691134,113.637377494157,"No Take",2021-05-21,85.553897744914,"5","2021",27.490219941349,0.519987406011721,49.2,389.749347907082
"103","5","Cloates",298.000525732355,-22.6304074691134,113.637377494157,"No Take",2021-06-28,60.0535692414799,"6","2021",25.1294696969697,0.530471174577095,51.8,311.945641596217
"104","5","Cloates",298.000525732355,-22.6304074691134,113.637377494157,"No Take",2021-08-19,111.787607848063,"8","2021",23.2733724340176,0.385758501368299,30.8,454.411681578392
"105","5","Cloates",298.000525732355,-22.6304074691134,113.637377494157,"No Take",2021-09-27,98.7822763841489,"9","2021",23.144196969697,0.340101675976654,0,564.031228040019
"106","5","Cloates",298.000525732355,-22.6304074691134,113.637377494157,"No Take",2021-10-30,46.232176019287,"10","2021",23.1656451612903,0.412560353048568,0.4,637.110776133041
"107","5","Cloates",298.000525732355,-22.6304074691134,113.637377494157,"No Take",2021-12-20,45.3512696171883,"12","2021",25.1929032258065,0.478626936674118,0,669.183569442195
"108","5","Cloates",298.000525732355,-22.6304074691134,113.637377494157,"No Take",2019-11-07,40.1218270063066,"11","2019",23.7898181818182,0.488925077386048,0,831.838688704741
"109","5","Cloates",298.000525732355,-22.6304074691134,113.637377494157,"No Take",2019-06-20,89.5154771490107,"6","2019",25.0505303030303,0.519977473349559,63.6,469.159158587489
"110","5","Cloates",298.000525732355,-22.6304074691134,113.637377494157,"No Take",2019-02-20,33.8003928957608,"2","2019",25.5975,0.999623799188571,0,842.016565825023
"111","5","Cloates",298.000525732355,-22.6304074691134,113.637377494157,"No Take",2018-06-29,96.147116068333,"6","2018",25.3614393939394,0.481870665430204,91.2,456.894436337698
"112","5","Cloates",298.000525732355,-22.6304074691134,113.637377494157,"No Take",2017-10-27,49.4508343949629,"10","2017",22.8758797653959,0.610328279570122,0,732.280066259139
"113","5","Cloates",298.000525732355,-22.6304074691134,113.637377494157,"No Take",2019-08-11,91.6452829175634,"8","2019",22.647008797654,0.365423101397535,6,605.141148892785
"114","5","Cloates",298.000525732355,-22.6304074691134,113.637377494157,"No Take",2019-07-31,93.2511310338076,"7","2019",23.5522140762463,0.425781565916124,25,484.700275060492
"115","5","Cloates",298.000525732355,-22.6304074691134,113.637377494157,"No Take",2017-09-05,14.9473777787945,"9","2017",23.1203636363636,0.47545409121085,14.6,606.821891761535
"116","6","Cloates",185.016635413224,-22.6259899114557,113.640814506978,"No Take",2021-01-28,24.2693884350043,"1","2021",27.7344868035191,0.236700007558198,0,702.524747763016
"117","6","Cloates",185.016635413224,-22.6259899114557,113.640814506978,"No Take",2021-03-21,33.9129935791402,"3","2021",28.3256304985337,0.300933397679685,90.4,585.539854245806
"118","6","Cloates",185.016635413224,-22.6259899114557,113.640814506978,"No Take",2021-04-21,39.9005443651544,"4","2021",28.7427575757576,0.271278114488865,38.2,496.029331869142
"119","6","Cloates",185.016635413224,-22.6259899114557,113.640814506978,"No Take",2021-05-21,32.0001548394594,"5","2021",27.490219941349,0.519987406011721,49.2,389.749347907082
"120","6","Cloates",185.016635413224,-22.6259899114557,113.640814506978,"No Take",2021-06-28,32.8718053147131,"6","2021",25.1294696969697,0.530471174577095,51.8,311.945641596217
"121","6","Cloates",185.016635413224,-22.6259899114557,113.640814506978,"No Take",2021-07-23,36.5999292861376,"7","2021",24.063211143695,0.390418541042288,4.6,366.194988176378
"122","6","Cloates",185.016635413224,-22.6259899114557,113.640814506978,"No Take",2021-08-19,40.7967622309559,"8","2021",23.2733724340176,0.385758501368299,30.8,454.411681578392
"123","6","Cloates",185.016635413224,-22.6259899114557,113.640814506978,"No Take",2021-09-27,26.3129270755739,"9","2021",23.144196969697,0.340101675976654,0,564.031228040019
"124","6","Cloates",185.016635413224,-22.6259899114557,113.640814506978,"No Take",2021-10-30,21.4953048056227,"10","2021",23.1656451612903,0.412560353048568,0.4,637.110776133041
"125","6","Cloates",185.016635413224,-22.6259899114557,113.640814506978,"No Take",2021-12-20,19.1367118908983,"12","2021",25.1929032258065,0.478626936674118,0,669.183569442195
"126","6","Cloates",185.016635413224,-22.6259899114557,113.640814506978,"No Take",2019-12-03,28.0635121037057,"12","2019",25.4441348973607,0.536790365681929,0.2,872.929541953514
"127","6","Cloates",185.016635413224,-22.6259899114557,113.640814506978,"No Take",2019-11-07,39.6169042398903,"11","2019",23.7898181818182,0.488925077386048,0,831.838688704741
"128","6","Cloates",185.016635413224,-22.6259899114557,113.640814506978,"No Take",2018-11-26,33.9548656111643,"11","2018",22.4933636363636,0.369392611944314,0,851.438100402071
"129","6","Cloates",185.016635413224,-22.6259899114557,113.640814506978,"No Take",2018-09-22,42.7866909994429,"9","2018",22.0920909090909,0.340430619285024,0,758.853623113083
"130","6","Cloates",185.016635413224,-22.6259899114557,113.640814506978,"No Take",2018-06-29,35.5164811591485,"6","2018",25.3614393939394,0.481870665430204,91.2,456.894436337698
"131","6","Cloates",185.016635413224,-22.6259899114557,113.640814506978,"No Take",2018-02-01,13.7604775926223,"2","2018",26.5768993506494,0.269523388411425,28.2,754.087282764276
"132","6","Cloates",185.016635413224,-22.6259899114557,113.640814506978,"No Take",2018-01-06,22.0579335283375,"1","2018",26.9581671554252,0.305231572962121,17.6,737.528922925493
"133","6","Cloates",185.016635413224,-22.6259899114557,113.640814506978,"No Takes",2018-01-06,22.0579335283375,"1","2018",26.9581671554252,0.305231572962121,17.6,737.528922925493
"134","6","Cloates",185.016635413224,-22.6259899114557,113.640814506978,"No Take",2017-10-27,24.1916345770345,"10","2017",22.8758797653959,0.610328279570122,0,732.280066259139
"135","6","Cloates",185.016635413224,-22.6259899114557,113.640814506978,"No Take",2017-06-29,52.1385452310856,"6","2017",25.682196969697,0.554506781156778,9.6,386.013216868415
"136","6","Cloates",185.016635413224,-22.6259899114557,113.640814506978,"No Take",2017-04-12,15.039561936467,"4","2017",28.2588181818182,0.78133076572573,1.8,541.467820676801
"137","6","Cloates",185.016635413224,-22.6259899114557,113.640814506978,"No Take",2017-03-31,15.039561936467,"3","2017",27.4548387096774,0.69142177107991,1.8,669.878303124111
"138","6","Cloates",185.016635413224,-22.6259899114557,113.640814506978,"No Take",2019-08-11,42.328750859853,"8","2019",22.647008797654,0.365423101397535,6,605.141148892785
"139","6","Cloates",185.016635413224,-22.6259899114557,113.640814506978,"No Take",2019-07-31,39.8003956120116,"7","2019",23.5522140762463,0.425781565916124,25,484.700275060492
"140","6","Cloates",185.016635413224,-22.6259899114557,113.640814506978,"No Take",2017-09-05,34.717472805895,"9","2017",23.1203636363636,0.47545409121085,14.6,606.821891761535
"141","7","Cloates",225.827916819728,-22.6250105684691,113.64074369393,"No Take",2021-01-28,64.2121524308159,"1","2021",27.7344868035191,0.236700007558198,0,702.524747763016
"142","7","Cloates",225.827916819728,-22.6250105684691,113.64074369393,"No Take",2021-03-21,67.9139043862266,"3","2021",28.3256304985337,0.300933397679685,90.4,585.539854245806
"143","7","Cloates",225.827916819728,-22.6250105684691,113.64074369393,"No Take",2021-04-21,73.7538357808066,"4","2021",28.7427575757576,0.271278114488865,38.2,496.029331869142
"144","7","Cloates",225.827916819728,-22.6250105684691,113.64074369393,"No Take",2021-05-21,66.247460251965,"5","2021",27.490219941349,0.519987406011721,49.2,389.749347907082
"145","7","Cloates",225.827916819728,-22.6250105684691,113.64074369393,"No Take",2021-06-28,66.5622206458928,"6","2021",25.1294696969697,0.530471174577095,51.8,311.945641596217
"146","7","Cloates",225.827916819728,-22.6250105684691,113.64074369393,"No Take",2021-07-23,70.8400373297127,"7","2021",24.063211143695,0.390418541042288,4.6,366.194988176378
"147","7","Cloates",225.827916819728,-22.6250105684691,113.64074369393,"No Take",2021-08-19,70.5072967307518,"8","2021",23.2733724340176,0.385758501368299,30.8,454.411681578392
"148","7","Cloates",225.827916819728,-22.6250105684691,113.64074369393,"No Take",2021-09-27,38.2666542049645,"9","2021",23.144196969697,0.340101675976654,0,564.031228040019
"149","7","Cloates",225.827916819728,-22.6250105684691,113.64074369393,"No Take",2021-10-30,65.934297518302,"10","2021",23.1656451612903,0.412560353048568,0.4,637.110776133041
"150","7","Cloates",225.827916819728,-22.6250105684691,113.64074369393,"No Take",2021-12-20,53.3260548526116,"12","2021",25.1929032258065,0.478626936674118,0,669.183569442195
"151","7","Cloates",225.827916819728,-22.6250105684691,113.64074369393,"No Take",2019-12-03,60.4597549943112,"12","2019",25.4441348973607,0.536790365681929,0.2,872.929541953514
"152","7","Cloates",225.827916819728,-22.6250105684691,113.64074369393,"No Take",2019-11-07,57.8161193071643,"11","2019",23.7898181818182,0.488925077386048,0,831.838688704741
"153","7","Cloates",225.827916819728,-22.6250105684691,113.64074369393,"No Take",2019-05-16,75.8116260732392,"5","2019",26.4265249266862,0.4156445980922,0,562.530021400518
"154","7","Cloates",225.827916819728,-22.6250105684691,113.64074369393,"No Take",2019-02-20,14.9117243950644,"2","2019",25.5975,0.999623799188571,0,842.016565825023
"155","7","Cloates",225.827916819728,-22.6250105684691,113.64074369393,"No Take",2018-11-26,58.7705724253606,"11","2018",22.4933636363636,0.369392611944314,0,851.438100402071
"156","7","Cloates",225.827916819728,-22.6250105684691,113.64074369393,"No Take",2018-09-22,77.8934052163008,"9","2018",22.0920909090909,0.340430619285024,0,758.853623113083
"157","7","Cloates",225.827916819728,-22.6250105684691,113.64074369393,"No Take",2018-08-23,55.6725740826729,"8","2018",22.6193255131965,0.431172944506761,1.2,641.14912359352
"158","7","Cloates",225.827916819728,-22.6250105684691,113.64074369393,"No Take",2018-06-29,42.486519742751,"6","2018",25.3614393939394,0.481870665430204,91.2,456.894436337698
"159","7","Cloates",225.827916819728,-22.6250105684691,113.64074369393,"No Take",2018-01-06,16.4063445264799,"1","2018",26.9581671554252,0.305231572962121,17.6,737.528922925493
"160","7","Cloates",225.827916819728,-22.6250105684691,113.64074369393,"No Takw",2017-10-27,19.6697666826402,"10","2017",22.8758797653959,0.610328279570122,0,732.280066259139
"161","7","Cloates",225.827916819728,-22.6250105684691,113.64074369393,"No Take",2017-10-27,19.6697666826402,"10","2017",22.8758797653959,0.610328279570122,0,732.280066259139
"162","7","Cloates",225.827916819728,-22.6250105684691,113.64074369393,"No Take",2017-06-29,61.1762384234253,"6","2017",25.682196969697,0.554506781156778,9.6,386.013216868415
"163","7","Cloates",225.827916819728,-22.6250105684691,113.64074369393,"No Take",2017-04-12,15.3713745020684,"4","2017",28.2588181818182,0.78133076572573,1.8,541.467820676801
"164","7","Cloates",225.827916819728,-22.6250105684691,113.64074369393,"No Take",2017-03-31,15.3713745020684,"3","2017",27.4548387096774,0.69142177107991,1.8,669.878303124111
"165","7","Cloates",225.827916819728,-22.6250105684691,113.64074369393,"No Take",2019-08-11,62.942548481787,"8","2019",22.647008797654,0.365423101397535,6,605.141148892785
"166","7","Cloates",225.827916819728,-22.6250105684691,113.64074369393,"No Take",2019-07-31,64.8038704027428,"7","2019",23.5522140762463,0.425781565916124,25,484.700275060492
"167","7","Cloates",225.827916819728,-22.6250105684691,113.64074369393,"No Take",2017-09-05,37.632306519617,"9","2017",23.1203636363636,0.47545409121085,14.6,606.821891761535
"168","8","Cloates",476.686790749944,-22.6264347629122,113.636937616416,"No Take",2021-01-28,42.6515000041421,"1","2021",27.7344868035191,0.236700007558198,0,702.524747763016
"169","8","Cloates",476.686790749944,-22.6264347629122,113.636937616416,"No Take",2021-03-21,49.2215588462237,"3","2021",28.3256304985337,0.300933397679685,90.4,585.539854245806
"170","8","Cloates",476.686790749944,-22.6264347629122,113.636937616416,"No Take",2021-04-21,50.0485431157609,"4","2021",28.7427575757576,0.271278114488865,38.2,496.029331869142
"171","8","Cloates",476.686790749944,-22.6264347629122,113.636937616416,"No Take",2021-05-21,52.37953038128,"5","2021",27.490219941349,0.519987406011721,49.2,389.749347907082
"172","8","Cloates",476.686790749944,-22.6264347629122,113.636937616416,"No Take",2021-06-28,59.0065007942189,"6","2021",25.1294696969697,0.530471174577095,51.8,311.945641596217
"173","8","Cloates",476.686790749944,-22.6264347629122,113.636937616416,"No Take",2021-08-19,57.4830866404386,"8","2021",23.2733724340176,0.385758501368299,30.8,454.411681578392
"174","8","Cloates",476.686790749944,-22.6264347629122,113.636937616416,"No Take",2021-09-27,56.8396185514594,"9","2021",23.144196969697,0.340101675976654,0,564.031228040019
"175","8","Cloates",476.686790749944,-22.6264347629122,113.636937616416,"No Take",2021-10-30,49.4423058631506,"10","2021",23.1656451612903,0.412560353048568,0.4,637.110776133041
"176","8","Cloates",476.686790749944,-22.6264347629122,113.636937616416,"No Take",2021-12-20,47.6466721997551,"12","2021",25.1929032258065,0.478626936674118,0,669.183569442195
"177","8","Cloates",476.686790749944,-22.6264347629122,113.636937616416,"No Take",2019-11-07,43.6235462721927,"11","2019",23.7898181818182,0.488925077386048,0,831.838688704741
"178","8","Cloates",476.686790749944,-22.6264347629122,113.636937616416,"No Take",2019-01-10,14.5593735938304,"1","2019",24.9567302052786,0.734631480800139,0,848.729757900723
"179","8","Cloates",476.686790749944,-22.6264347629122,113.636937616416,"No Take",2018-12-29,52.1057998399505,"12","2018",23.1565835777126,0.414717436418043,0,880.345699282895
"180","8","Cloates",476.686790749944,-22.6264347629122,113.636937616416,"No Take",2018-11-26,51.6301366513989,"11","2018",22.4933636363636,0.369392611944314,0,851.438100402071
"181","8","Cloates",476.686790749944,-22.6264347629122,113.636937616416,"No Take",2019-08-11,34.592576618228,"8","2019",22.647008797654,0.365423101397535,6,605.141148892785
"182","8","Cloates",476.686790749944,-22.6264347629122,113.636937616416,"No Take",2017-09-05,29.1867811099902,"9","2017",23.1203636363636,0.47545409121085,14.6,606.821891761535
"183","9","Cloates",171.384832634456,-22.6266033957219,113.635047196398,"No Take",2021-01-28,38.0722887459045,"1","2021",27.7344868035191,0.236700007558198,0,702.524747763016
"184","9","Cloates",171.384832634456,-22.6266033957219,113.635047196398,"No Take",2021-03-21,29.2168673167547,"3","2021",28.3256304985337,0.300933397679685,90.4,585.539854245806
"185","9","Cloates",171.384832634456,-22.6266033957219,113.635047196398,"No Take",2021-06-28,67.0637572867775,"6","2021",25.1294696969697,0.530471174577095,51.8,311.945641596217
"186","9","Cloates",171.384832634456,-22.6266033957219,113.635047196398,"No Take",2021-08-19,54.7984413872726,"8","2021",23.2733724340176,0.385758501368299,30.8,454.411681578392
"187","9","Cloates",171.384832634456,-22.6266033957219,113.635047196398,"No Take",2021-09-27,55.3890783809248,"9","2021",23.144196969697,0.340101675976654,0,564.031228040019
"188","9","Cloates",171.384832634456,-22.6266033957219,113.635047196398,"No Take",2021-12-20,52.2570463646911,"12","2021",25.1929032258065,0.478626936674118,0,669.183569442195
"189","9","Cloates",171.384832634456,-22.6266033957219,113.635047196398,"No Take",2019-11-07,30.3278413433291,"11","2019",23.7898181818182,0.488925077386048,0,831.838688704741
"190","9","Cloates",171.384832634456,-22.6266033957219,113.635047196398,"No Take",2018-01-06,33.0890964643013,"1","2018",26.9581671554252,0.305231572962121,17.6,737.528922925493
"191","9","Cloates",171.384832634456,-22.6266033957219,113.635047196398,"No Take",2017-10-27,30.8294499821644,"10","2017",22.8758797653959,0.610328279570122,0,732.280066259139
"192","10","Cloates",401.398505560776,-22.6259289931919,113.6330716406,"No Take",2019-11-07,20.858088903829,"11","2019",23.7898181818182,0.488925077386048,0,831.838688704741
"193","10","Cloates",401.398505560776,-22.6259289931919,113.6330716406,"No Take",2017-10-27,19.353182255899,"10","2017",22.8758797653959,0.610328279570122,0,732.280066259139
"194","10","Cloates",401.398505560776,-22.6259289931919,113.6330716406,"No Take",2019-07-31,41.5345517971653,"7","2019",23.5522140762463,0.425781565916124,25,484.700275060492
"195","11","Cloates",224.608150012467,-22.6243932880492,113.637046517574,"No Take",2019-11-07,98.4000747116431,"11","2019",23.7898181818182,0.488925077386048,0,831.838688704741
"196","11","Cloates",224.608150012467,-22.6243932880492,113.637046517574,"No Take",2019-02-20,19.9972187081325,"2","2019",25.5975,0.999623799188571,0,842.016565825023
"197","11","Cloates",224.608150012467,-22.6243932880492,113.637046517574,"No Take",2018-11-26,101.911763213661,"11","2018",22.4933636363636,0.369392611944314,0,851.438100402071
"198","11","Cloates",224.608150012467,-22.6243932880492,113.637046517574,"No Take",2018-09-22,101.425109686946,"9","2018",22.0920909090909,0.340430619285024,0,758.853623113083
"199","11","Cloates",224.608150012467,-22.6243932880492,113.637046517574,"No Take",2018-08-23,107.91720205604,"8","2018",22.6193255131965,0.431172944506761,1.2,641.14912359352
"200","11","Cloates",224.608150012467,-22.6243932880492,113.637046517574,"No Take",2018-06-29,51.6799857232206,"6","2018",25.3614393939394,0.481870665430204,91.2,456.894436337698
"201","11","Cloates",224.608150012467,-22.6243932880492,113.637046517574,"No Take",2017-10-27,23.6391847028739,"10","2017",22.8758797653959,0.610328279570122,0,732.280066259139
"202","11","Cloates",224.608150012467,-22.6243932880492,113.637046517574,"No Take",2019-08-11,87.1659142986857,"8","2019",22.647008797654,0.365423101397535,6,605.141148892785
"203","11","Cloates",224.608150012467,-22.6243932880492,113.637046517574,"No Take",2019-07-31,79.625246954328,"7","2019",23.5522140762463,0.425781565916124,25,484.700275060492
"204","11","Cloates",224.608150012467,-22.6243932880492,113.637046517574,"No Take",2017-09-05,19.1998967906259,"9","2017",23.1203636363636,0.47545409121085,14.6,606.821891761535
"205","12","Cloates",343.785951840614,-22.6283481036838,113.648507787429,"No Take",2021-03-21,42.713522457076,"3","2021",28.3256304985337,0.300933397679685,90.4,585.539854245806
"206","12","Cloates",343.785951840614,-22.6283481036838,113.648507787429,"No Take",2021-04-21,41.5842248752924,"4","2021",28.7427575757576,0.271278114488865,38.2,496.029331869142
"207","12","Cloates",343.785951840614,-22.6283481036838,113.648507787429,"No Take",2021-05-21,42.1981368271897,"5","2021",27.490219941349,0.519987406011721,49.2,389.749347907082
"208","12","Cloates",343.785951840614,-22.6283481036838,113.648507787429,"No Take",2021-06-28,45.2090183063848,"6","2021",25.1294696969697,0.530471174577095,51.8,311.945641596217
"209","12","Cloates",343.785951840614,-22.6283481036838,113.648507787429,"No Take",2021-07-23,56.4027850180835,"7","2021",24.063211143695,0.390418541042288,4.6,366.194988176378
"210","12","Cloates",343.785951840614,-22.6283481036838,113.648507787429,"No Take",2021-08-19,63.8469050959848,"8","2021",23.2733724340176,0.385758501368299,30.8,454.411681578392
"211","12","Cloates",343.785951840614,-22.6283481036838,113.648507787429,"No Tale",2021-08-19,63.8469050959848,"8","2021",23.2733724340176,0.385758501368299,30.8,454.411681578392
"212","12","Cloates",343.785951840614,-22.6283481036838,113.648507787429,"No Take",2021-09-27,58.0058166811901,"9","2021",23.144196969697,0.340101675976654,0,564.031228040019
"213","12","Cloates",343.785951840614,-22.6283481036838,113.648507787429,"N",2021-10-30,69.5516056509386,"10","2021",23.1656451612903,0.412560353048568,0.4,637.110776133041
"214","12","Cloates",343.785951840614,-22.6283481036838,113.648507787429,"No Take",2021-10-30,69.5516056509386,"10","2021",23.1656451612903,0.412560353048568,0.4,637.110776133041
"215","12","Cloates",343.785951840614,-22.6283481036838,113.648507787429,"No Take",2019-12-03,25.2934385623933,"12","2019",25.4441348973607,0.536790365681929,0.2,872.929541953514
"216","12","Cloates",343.785951840614,-22.6283481036838,113.648507787429,"No Take",2019-11-07,28.5929073880927,"11","2019",23.7898181818182,0.488925077386048,0,831.838688704741
"217","12","Cloates",343.785951840614,-22.6283481036838,113.648507787429,"No Take",2019-06-20,65.8036558324652,"6","2019",25.0505303030303,0.519977473349559,63.6,469.159158587489
"218","12","Cloates",343.785951840614,-22.6283481036838,113.648507787429,"No Take",2019-05-16,47.1710177722529,"5","2019",26.4265249266862,0.4156445980922,0,562.530021400518
"219","12","Cloates",343.785951840614,-22.6283481036838,113.648507787429,"No Take",2019-03-07,24.4527002230856,"3","2019",27.2540322580645,0.359922168786044,28.6,737.788354888727
"220","12","Cloates",343.785951840614,-22.6283481036838,113.648507787429,"No Take",2019-02-20,30.3309587357908,"2","2019",25.5975,0.999623799188571,0,842.016565825023
"221","12","Cloates",343.785951840614,-22.6283481036838,113.648507787429,"No Take",2019-01-10,22.6815921563009,"1","2019",24.9567302052786,0.734631480800139,0,848.729757900723
"222","12","Cloates",343.785951840614,-22.6283481036838,113.648507787429,"No Take",2018-12-29,30.7657223627551,"12","2018",23.1565835777126,0.414717436418043,0,880.345699282895
"223","12","Cloates",343.785951840614,-22.6283481036838,113.648507787429,"No Take",2018-08-23,66.9292597123587,"8","2018",22.6193255131965,0.431172944506761,1.2,641.14912359352
"224","12","Cloates",343.785951840614,-22.6283481036838,113.648507787429,"No Take",2018-06-29,42.1318700690118,"6","2018",25.3614393939394,0.481870665430204,91.2,456.894436337698
"225","12","Cloates",343.785951840614,-22.6283481036838,113.648507787429,"No Take",2018-05-21,40.1291304697862,"5","2018",27.1361436950147,0.557236825807767,11.4,546.498304404481
"226","12","Cloates",343.785951840614,-22.6283481036838,113.648507787429,"No Take",2018-04-03,40.006666813706,"4","2018",27.5039545454545,0.469006205604158,0,642.317717372906
"227","12","Cloates",343.785951840614,-22.6283481036838,113.648507787429,"No Take",2018-02-01,22.390846558643,"2","2018",26.5768993506494,0.269523388411425,28.2,754.087282764276
"228","12","Cloates",343.785951840614,-22.6283481036838,113.648507787429,"No Take",2018-01-06,16.9401279404571,"1","2018",26.9581671554252,0.305231572962121,17.6,737.528922925493
"229","12","Cloates",343.785951840614,-22.6283481036838,113.648507787429,"No Take",2017-06-29,55.7860430140886,"6","2017",25.682196969697,0.554506781156778,9.6,386.013216868415
"230","12","Cloates",343.785951840614,-22.6283481036838,113.648507787429,"No Take",2017-04-12,15.7437877176763,"4","2017",28.2588181818182,0.78133076572573,1.8,541.467820676801
"231","12","Cloates",343.785951840614,-22.6283481036838,113.648507787429,"No Take",2017-03-31,15.7437877176763,"3","2017",27.4548387096774,0.69142177107991,1.8,669.878303124111
"232","12","Cloates",343.785951840614,-22.6283481036838,113.648507787429,"No Take",2019-08-11,61.4182386643816,"8","2019",22.647008797654,0.365423101397535,6,605.141148892785
"233","12","Cloates",343.785951840614,-22.6283481036838,113.648507787429,"No Take",2019-07-31,57.9316959208796,"7","2019",23.5522140762463,0.425781565916124,25,484.700275060492
"234","13","Cloates",597.732337765805,-22.6119473446322,113.636069883956,"No Take",2021-01-28,28.7820546611632,"1","2021",27.7344868035191,0.236700007558198,0,702.524747763016
"235","13","Cloates",597.732337765805,-22.6119473446322,113.636069883956,"No Take",2021-03-21,22.7094996863566,"3","2021",28.3256304985337,0.300933397679685,90.4,585.539854245806
"236","13","Cloates",597.732337765805,-22.6119473446322,113.636069883956,"No Take",2021-04-21,32.8045407953088,"4","2021",28.7427575757576,0.271278114488865,38.2,496.029331869142
"237","13","Cloates",597.732337765805,-22.6119473446322,113.636069883956,"No Take",2021-05-21,33.6658566939273,"5","2021",27.490219941349,0.519987406011721,49.2,389.749347907082
"238","13","Cloates",597.732337765805,-22.6119473446322,113.636069883956,"No Take",2021-06-28,33.3878509993064,"6","2021",25.1294696969697,0.530471174577095,51.8,311.945641596217
"239","13","Cloates",597.732337765805,-22.6119473446322,113.636069883956,"No Take",2021-08-19,39.7910101575118,"8","2021",23.2733724340176,0.385758501368299,30.8,454.411681578392
"240","13","Cloates",597.732337765805,-22.6119473446322,113.636069883956,"No Take",2021-09-27,21.3224554873402,"9","2021",23.144196969697,0.340101675976654,0,564.031228040019
"241","13","Cloates",597.732337765805,-22.6119473446322,113.636069883956,"No Take",2021-12-20,28.1475583911638,"12","2021",25.1929032258065,0.478626936674118,0,669.183569442195
"242","13","Cloates",597.732337765805,-22.6119473446322,113.636069883956,"No Take",2019-12-03,19.8847343310179,"12","2019",25.4441348973607,0.536790365681929,0.2,872.929541953514
"243","13","Cloates",597.732337765805,-22.6119473446322,113.636069883956,"No Take",2019-11-07,28.5271304458101,"11","2019",23.7898181818182,0.488925077386048,0,831.838688704741
"244","13","Cloates",597.732337765805,-22.6119473446322,113.636069883956,"No Take",2019-05-16,29.1615244238714,"5","2019",26.4265249266862,0.4156445980922,0,562.530021400518
"245","13","Cloates",597.732337765805,-22.6119473446322,113.636069883956,"No Take",2019-04-26,25.9116932312812,"4","2019",27.2734848484848,0.772207170486577,49.6,609.495775996746
"246","13","Cloates",597.732337765805,-22.6119473446322,113.636069883956,"No Take",2019-03-07,25.1748173819207,"3","2019",27.2540322580645,0.359922168786044,28.6,737.788354888727
"247","13","Cloates",597.732337765805,-22.6119473446322,113.636069883956,"No Takw",2019-03-07,25.1748173819207,"3","2019",27.2540322580645,0.359922168786044,28.6,737.788354888727
"248","13","Cloates",597.732337765805,-22.6119473446322,113.636069883956,"No Take",2019-02-20,26.5914497216068,"2","2019",25.5975,0.999623799188571,0,842.016565825023
"249","13","Cloates",597.732337765805,-22.6119473446322,113.636069883956,"No Takw",2019-02-20,26.5914497216068,"2","2019",25.5975,0.999623799188571,0,842.016565825023
"250","13","Cloates",597.732337765805,-22.6119473446322,113.636069883956,"No Take",2019-01-10,17.7907249068965,"1","2019",24.9567302052786,0.734631480800139,0,848.729757900723
"251","13","Cloates",597.732337765805,-22.6119473446322,113.636069883956,"No Take",2018-12-29,29.4769138577147,"12","2018",23.1565835777126,0.414717436418043,0,880.345699282895
"252","13","Cloates",597.732337765805,-22.6119473446322,113.636069883956,"No Takw",2018-12-29,29.4769138577147,"12","2018",23.1565835777126,0.414717436418043,0,880.345699282895
"253","13","Cloates",597.732337765805,-22.6119473446322,113.636069883956,"No Take",2018-11-26,38.6577349393387,"11","2018",22.4933636363636,0.369392611944314,0,851.438100402071
"254","13","Cloates",597.732337765805,-22.6119473446322,113.636069883956,"No Take",2018-09-22,29.2736696945536,"9","2018",22.0920909090909,0.340430619285024,0,758.853623113083
"255","13","Cloates",597.732337765805,-22.6119473446322,113.636069883956,"No Take",2018-08-23,36.3464257144794,"8","2018",22.6193255131965,0.431172944506761,1.2,641.14912359352
"256","13","Cloates",597.732337765805,-22.6119473446322,113.636069883956,"No Take",2018-07-27,34.9876662072552,"7","2018",23.9083870967742,0.477772873572963,5.6,534.493021245095
"257","13","Cloates",597.732337765805,-22.6119473446322,113.636069883956,"No Take",2018-05-21,33.8838147616676,"5","2018",27.1361436950147,0.557236825807767,11.4,546.498304404481
"258","13","Cloates",597.732337765805,-22.6119473446322,113.636069883956,"No Take",2018-02-01,15.688714565494,"2","2018",26.5768993506494,0.269523388411425,28.2,754.087282764276
"259","13","Cloates",597.732337765805,-22.6119473446322,113.636069883956,"No Takw",2018-02-01,15.688714565494,"2","2018",26.5768993506494,0.269523388411425,28.2,754.087282764276
"260","13","Cloates",597.732337765805,-22.6119473446322,113.636069883956,"No Take",2018-01-06,16.3379618386578,"1","2018",26.9581671554252,0.305231572962121,17.6,737.528922925493
"261","13","Cloates",597.732337765805,-22.6119473446322,113.636069883956,"No Takw",2018-01-06,16.3379618386578,"1","2018",26.9581671554252,0.305231572962121,17.6,737.528922925493
"262","13","Cloates",597.732337765805,-22.6119473446322,113.636069883956,"No Take",2017-10-27,24.8177058172409,"10","2017",22.8758797653959,0.610328279570122,0,732.280066259139
"263","13","Cloates",597.732337765805,-22.6119473446322,113.636069883956,"No Take",2017-06-29,23.2158610193285,"6","2017",25.682196969697,0.554506781156778,9.6,386.013216868415
"264","13","Cloates",597.732337765805,-22.6119473446322,113.636069883956,"No Take",2017-04-12,18.8973866533676,"4","2017",28.2588181818182,0.78133076572573,1.8,541.467820676801
"265","13","Cloates",597.732337765805,-22.6119473446322,113.636069883956,"No Take",2017-03-31,18.8973866533676,"3","2017",27.4548387096774,0.69142177107991,1.8,669.878303124111
"266","13","Cloates",597.732337765805,-22.6119473446322,113.636069883956,"No Take",2017-01-13,22.2949907410189,"1","2017",25.2148240469208,0.361097451920311,10,734.841692715485
"267","13","Cloates",597.732337765805,-22.6119473446322,113.636069883956,"No Take",2019-09-20,27.9479383788388,"9","2019",22.7580151515152,0.351271433976747,0.4,728.977810676652
"268","13","Cloates",597.732337765805,-22.6119473446322,113.636069883956,"No Take",2019-08-11,18.023913997562,"8","2019",22.647008797654,0.365423101397535,6,605.141148892785
"269","13","Cloates",597.732337765805,-22.6119473446322,113.636069883956,"No Take",2019-07-31,29.3081198308812,"7","2019",23.5522140762463,0.425781565916124,25,484.700275060492
"270","13","Cloates",597.732337765805,-22.6119473446322,113.636069883956,"No Take",2017-09-05,18.023913997562,"9","2017",23.1203636363636,0.47545409121085,14.6,606.821891761535
"271","14","Cloates",121.970529867941,-22.610318237818,113.636939885415,"No Take",2021-12-20,34.0450420858697,"12","2021",25.1929032258065,0.478626936674118,0,669.183569442195
"272","14","Cloates",121.970529867941,-22.610318237818,113.636939885415,"No Take",2019-12-03,18.1369193926428,"12","2019",25.4441348973607,0.536790365681929,0.2,872.929541953514
"273","14","Cloates",121.970529867941,-22.610318237818,113.636939885415,"No Take",2019-11-07,21.5134079690133,"11","2019",23.7898181818182,0.488925077386048,0,831.838688704741
"274","14","Cloates",121.970529867941,-22.610318237818,113.636939885415,"No Take",2018-12-29,24.2903642782124,"12","2018",23.1565835777126,0.414717436418043,0,880.345699282895
"275","14","Cloates",121.970529867941,-22.610318237818,113.636939885415,"No Take",2018-11-26,52.2366010775341,"11","2018",22.4933636363636,0.369392611944314,0,851.438100402071
"276","14","Cloates",121.970529867941,-22.610318237818,113.636939885415,"No Take",2018-09-22,24.6940396201044,"9","2018",22.0920909090909,0.340430619285024,0,758.853623113083
"277","14","Cloates",121.970529867941,-22.610318237818,113.636939885415,"No Take",2017-10-27,17.8433325917799,"10","2017",22.8758797653959,0.610328279570122,0,732.280066259139
"278","14","Cloates",121.970529867941,-22.610318237818,113.636939885415,"No Take",2017-01-13,27.525402336352,"1","2017",25.2148240469208,0.361097451920311,10,734.841692715485
"279","14","Cloates",121.970529867941,-22.610318237818,113.636939885415,"No Take",2019-08-11,15.9305669393585,"8","2019",22.647008797654,0.365423101397535,6,605.141148892785
"280","14","Cloates",121.970529867941,-22.610318237818,113.636939885415,"No Take",2017-09-05,15.9305669393585,"9","2017",23.1203636363636,0.47545409121085,14.6,606.821891761535
"281","15","Cloates",484.471671550992,-22.6660104928697,113.646019908793,"No Take",2021-01-28,45.3770489133843,"1","2021",27.7344868035191,0.236700007558198,0,702.524747763016
"282","15","Cloates",484.471671550992,-22.6660104928697,113.646019908793,"No Take",2021-03-21,62.3363619602234,"3","2021",28.3256304985337,0.300933397679685,90.4,585.539854245806
"283","15","Cloates",484.471671550992,-22.6660104928697,113.646019908793,"No Take",2021-04-21,58.1364464472992,"4","2021",28.7427575757576,0.271278114488865,38.2,496.029331869142
"284","15","Cloates",484.471671550992,-22.6660104928697,113.646019908793,"No Take",2021-05-21,63.9074263111202,"5","2021",27.490219941349,0.519987406011721,49.2,389.749347907082
"285","15","Cloates",484.471671550992,-22.6660104928697,113.646019908793,"No Take",2021-07-23,64.6432727638738,"7","2021",24.063211143695,0.390418541042288,4.6,366.194988176378
"286","15","Cloates",484.471671550992,-22.6660104928697,113.646019908793,"No Take",2021-08-19,71.8096255603227,"8","2021",23.2733724340176,0.385758501368299,30.8,454.411681578392
"287","15","Cloates",484.471671550992,-22.6660104928697,113.646019908793,"No Take",2021-10-30,56.32153976832,"10","2021",23.1656451612903,0.412560353048568,0.4,637.110776133041
"288","15","Cloates",484.471671550992,-22.6660104928697,113.646019908793,"No Take",2021-12-20,47.5889739488248,"12","2021",25.1929032258065,0.478626936674118,0,669.183569442195
"289","15","Cloates",484.471671550992,-22.6660104928697,113.646019908793,"No Take",2019-12-03,24.2859298922061,"12","2019",25.4441348973607,0.536790365681929,0.2,872.929541953514
"290","15","Cloates",484.471671550992,-22.6660104928697,113.646019908793,"No Take",2019-11-07,23.8048524573104,"11","2019",23.7898181818182,0.488925077386048,0,831.838688704741
"291","15","Cloates",484.471671550992,-22.6660104928697,113.646019908793,"No Take",2019-06-20,56.2321846352669,"6","2019",25.0505303030303,0.519977473349559,63.6,469.159158587489
"292","15","Cloates",484.471671550992,-22.6660104928697,113.646019908793,"No Take",2019-05-16,56.3831172514151,"5","2019",26.4265249266862,0.4156445980922,0,562.530021400518
"293","15","Cloates",484.471671550992,-22.6660104928697,113.646019908793,"No Take",2019-04-26,43.6849185591517,"4","2019",27.2734848484848,0.772207170486577,49.6,609.495775996746
"294","15","Cloates",484.471671550992,-22.6660104928697,113.646019908793,"No Take",2019-03-07,43.0314392186771,"3","2019",27.2540322580645,0.359922168786044,28.6,737.788354888727
"295","15","Cloates",484.471671550992,-22.6660104928697,113.646019908793,"No Take",2019-02-20,43.0314392186771,"2","2019",25.5975,0.999623799188571,0,842.016565825023
"296","15","Cloates",484.471671550992,-22.6660104928697,113.646019908793,"No Take",2018-02-01,18.336256809366,"2","2018",26.5768993506494,0.269523388411425,28.2,754.087282764276
"297","15","Cloates",484.471671550992,-22.6660104928697,113.646019908793,"No Take",2018-01-06,19.1494141536725,"1","2018",26.9581671554252,0.305231572962121,17.6,737.528922925493
"298","15","Cloates",484.471671550992,-22.6660104928697,113.646019908793,"No Take",2017-10-27,40.674402350438,"10","2017",22.8758797653959,0.610328279570122,0,732.280066259139
"299","15","Cloates",484.471671550992,-22.6660104928697,113.646019908793,"No Take",2017-06-29,51.4013046472808,"6","2017",25.682196969697,0.554506781156778,9.6,386.013216868415
"300","15","Cloates",484.471671550992,-22.6660104928697,113.646019908793,"No Take",2017-04-12,24.2859298922061,"4","2017",28.2588181818182,0.78133076572573,1.8,541.467820676801
"301","15","Cloates",484.471671550992,-22.6660104928697,113.646019908793,"No Take",2017-03-31,24.2859298922061,"3","2017",27.4548387096774,0.69142177107991,1.8,669.878303124111
"302","15","Cloates",484.471671550992,-22.6660104928697,113.646019908793,"No Take",2017-01-13,43.700520071366,"1","2017",25.2148240469208,0.361097451920311,10,734.841692715485
"303","15","Cloates",484.471671550992,-22.6660104928697,113.646019908793,"No Take",2017-09-05,11.9955766567029,"9","2017",23.1203636363636,0.47545409121085,14.6,606.821891761535
"304","16","Cloates",161.947486257041,-22.6684268142968,113.646667143436,"No Take",2021-03-21,36.6523101462453,"3","2021",28.3256304985337,0.300933397679685,90.4,585.539854245806
"305","16","Cloates",161.947486257041,-22.6684268142968,113.646667143436,"No Take",2021-04-21,59.1737520682454,"4","2021",28.7427575757576,0.271278114488865,38.2,496.029331869142
"306","16","Cloates",161.947486257041,-22.6684268142968,113.646667143436,"No Take",2021-05-21,60.2286808094039,"5","2021",27.490219941349,0.519987406011721,49.2,389.749347907082
"307","16","Cloates",161.947486257041,-22.6684268142968,113.646667143436,"No Take",2021-08-19,55.1806720911836,"8","2021",23.2733724340176,0.385758501368299,30.8,454.411681578392
"308","16","Cloates",161.947486257041,-22.6684268142968,113.646667143436,"No Take",2021-10-30,62.0791642093402,"10","2021",23.1656451612903,0.412560353048568,0.4,637.110776133041
"309","16","Cloates",161.947486257041,-22.6684268142968,113.646667143436,"No Take",2021-12-20,51.6043830721787,"12","2021",25.1929032258065,0.478626936674118,0,669.183569442195
"310","16","Cloates",161.947486257041,-22.6684268142968,113.646667143436,"No Take",2019-12-03,20.8850961424903,"12","2019",25.4441348973607,0.536790365681929,0.2,872.929541953514
"311","16","Cloates",161.947486257041,-22.6684268142968,113.646667143436,"No Take",2019-06-20,30.0026587559796,"6","2019",25.0505303030303,0.519977473349559,63.6,469.159158587489
"312","16","Cloates",161.947486257041,-22.6684268142968,113.646667143436,"No Take",2019-05-16,30.0864053820693,"5","2019",26.4265249266862,0.4156445980922,0,562.530021400518
"313","16","Cloates",161.947486257041,-22.6684268142968,113.646667143436,"No Take",2019-04-26,33.6724734382275,"4","2019",27.2734848484848,0.772207170486577,49.6,609.495775996746
"314","16","Cloates",161.947486257041,-22.6684268142968,113.646667143436,"No Take",2019-03-07,33.5142901953413,"3","2019",27.2540322580645,0.359922168786044,28.6,737.788354888727
"315","16","Cloates",161.947486257041,-22.6684268142968,113.646667143436,"No Take",2019-02-20,33.5142901953413,"2","2019",25.5975,0.999623799188571,0,842.016565825023
"316","16","Cloates",161.947486257041,-22.6684268142968,113.646667143436,"No Take",2018-12-29,20.9488560493623,"12","2018",23.1565835777126,0.414717436418043,0,880.345699282895
"317","16","Cloates",161.947486257041,-22.6684268142968,113.646667143436,"No Take",2018-01-06,13.1336416332867,"1","2018",26.9581671554252,0.305231572962121,17.6,737.528922925493
"318","16","Cloates",161.947486257041,-22.6684268142968,113.646667143436,"No Take",2017-06-29,55.1891777272749,"6","2017",25.682196969697,0.554506781156778,9.6,386.013216868415
"319","16","Cloates",161.947486257041,-22.6684268142968,113.646667143436,"No Take",2017-04-12,20.8850961424903,"4","2017",28.2588181818182,0.78133076572573,1.8,541.467820676801
"320","16","Cloates",161.947486257041,-22.6684268142968,113.646667143436,"No Take",2017-03-31,20.8850961424903,"3","2017",27.4548387096774,0.69142177107991,1.8,669.878303124111
"321","16","Cloates",161.947486257041,-22.6684268142968,113.646667143436,"No Take",2017-01-13,33.7025390303784,"1","2017",25.2148240469208,0.361097451920311,10,734.841692715485
"322","16","Cloates",161.947486257041,-22.6684268142968,113.646667143436,"No Take",2019-09-20,57.577869583033,"9","2019",22.7580151515152,0.351271433976747,0.4,728.977810676652
"323","16","Cloates",161.947486257041,-22.6684268142968,113.646667143436,"No Take",2019-08-11,57.3829812701904,"8","2019",22.647008797654,0.365423101397535,6,605.141148892785
"324","16","Cloates",161.947486257041,-22.6684268142968,113.646667143436,"No Take",2019-07-31,56.0154772237562,"7","2019",23.5522140762463,0.425781565916124,25,484.700275060492
"326","18","Cloates",190.68617502384,-22.6629141405693,113.644416592949,"No Take",2021-01-28,45.7660126763786,"1","2021",27.7344868035191,0.236700007558198,0,702.524747763016
"327","18","Cloates",190.68617502384,-22.6629141405693,113.644416592949,"No Take",2021-03-21,39.8748179322372,"3","2021",28.3256304985337,0.300933397679685,90.4,585.539854245806
"328","18","Cloates",190.68617502384,-22.6629141405693,113.644416592949,"No Take",2021-04-21,37.9005913596486,"4","2021",28.7427575757576,0.271278114488865,38.2,496.029331869142
"329","18","Cloates",190.68617502384,-22.6629141405693,113.644416592949,"No Take",2021-05-21,43.5084872126371,"5","2021",27.490219941349,0.519987406011721,49.2,389.749347907082
"330","18","Cloates",190.68617502384,-22.6629141405693,113.644416592949,"No Take",2021-10-30,46.7479192491729,"10","2021",23.1656451612903,0.412560353048568,0.4,637.110776133041
"331","18","Cloates",190.68617502384,-22.6629141405693,113.644416592949,"No Take",2021-12-20,44.9972167535755,"12","2021",25.1929032258065,0.478626936674118,0,669.183569442195
"332","18","Cloates",190.68617502384,-22.6629141405693,113.644416592949,"No Take",2019-12-03,41.2193621891951,"12","2019",25.4441348973607,0.536790365681929,0.2,872.929541953514
"333","18","Cloates",190.68617502384,-22.6629141405693,113.644416592949,"No Take",2019-11-07,41.0641533142795,"11","2019",23.7898181818182,0.488925077386048,0,831.838688704741
"334","18","Cloates",190.68617502384,-22.6629141405693,113.644416592949,"No Take",2019-06-20,44.3989723670597,"6","2019",25.0505303030303,0.519977473349559,63.6,469.159158587489
"335","18","Cloates",190.68617502384,-22.6629141405693,113.644416592949,"No Take",2019-05-16,44.6907191379574,"5","2019",26.4265249266862,0.4156445980922,0,562.530021400518
"336","18","Cloates",190.68617502384,-22.6629141405693,113.644416592949,"No Take",2019-04-26,56.6440118473626,"4","2019",27.2734848484848,0.772207170486577,49.6,609.495775996746
"337","18","Cloates",190.68617502384,-22.6629141405693,113.644416592949,"No Take",2019-03-07,56.5116189859305,"3","2019",27.2540322580645,0.359922168786044,28.6,737.788354888727
"338","18","Cloates",190.68617502384,-22.6629141405693,113.644416592949,"No TAke",2019-03-07,56.5116189859305,"3","2019",27.2540322580645,0.359922168786044,28.6,737.788354888727
"339","18","Cloates",190.68617502384,-22.6629141405693,113.644416592949,"No Take",2019-02-20,56.5116189859305,"2","2019",25.5975,0.999623799188571,0,842.016565825023
"340","18","Cloates",190.68617502384,-22.6629141405693,113.644416592949,"No TAke",2019-02-20,56.5116189859305,"2","2019",25.5975,0.999623799188571,0,842.016565825023
"341","18","Cloates",190.68617502384,-22.6629141405693,113.644416592949,"No Take",2018-05-21,47.7507626884407,"5","2018",27.1361436950147,0.557236825807767,11.4,546.498304404481
"342","18","Cloates",190.68617502384,-22.6629141405693,113.644416592949,"No Take",2018-04-03,48.5225748770626,"4","2018",27.5039545454545,0.469006205604158,0,642.317717372906
"343","18","Cloates",190.68617502384,-22.6629141405693,113.644416592949,"No TAke",2018-04-03,48.5225748770626,"4","2018",27.5039545454545,0.469006205604158,0,642.317717372906
"344","18","Cloates",190.68617502384,-22.6629141405693,113.644416592949,"No Take",2018-02-01,40.9610698451777,"2","2018",26.5768993506494,0.269523388411425,28.2,754.087282764276
"345","18","Cloates",190.68617502384,-22.6629141405693,113.644416592949,"No TAke",2018-02-01,40.9610698451777,"2","2018",26.5768993506494,0.269523388411425,28.2,754.087282764276
"346","18","Cloates",190.68617502384,-22.6629141405693,113.644416592949,"No Take",2017-06-29,32.5987482852674,"6","2017",25.682196969697,0.554506781156778,9.6,386.013216868415
"347","18","Cloates",190.68617502384,-22.6629141405693,113.644416592949,"No Take",2017-04-12,41.2193621891951,"4","2017",28.2588181818182,0.78133076572573,1.8,541.467820676801
"348","18","Cloates",190.68617502384,-22.6629141405693,113.644416592949,"No Take",2017-03-31,41.2193621891951,"3","2017",27.4548387096774,0.69142177107991,1.8,669.878303124111
"349","18","Cloates",190.68617502384,-22.6629141405693,113.644416592949,"No Take",2017-01-13,56.7122531291342,"1","2017",25.2148240469208,0.361097451920311,10,734.841692715485
"350","18","Cloates",190.68617502384,-22.6629141405693,113.644416592949,"No Take",2019-09-20,44.2305500392352,"9","2019",22.7580151515152,0.351271433976747,0.4,728.977810676652
"351","18","Cloates",190.68617502384,-22.6629141405693,113.644416592949,"No Take",2019-08-11,44.1190623397483,"8","2019",22.647008797654,0.365423101397535,6,605.141148892785
"352","18","Cloates",190.68617502384,-22.6629141405693,113.644416592949,"No Take",2019-07-31,44.1471369171763,"7","2019",23.5522140762463,0.425781565916124,25,484.700275060492
"353","19","Cloates",427.762212990818,-22.6656128184423,113.647771236454,"No Take",2021-01-28,40.327182720644,"1","2021",27.7344868035191,0.236700007558198,0,702.524747763016
"354","19","Cloates",427.762212990818,-22.6656128184423,113.647771236454,"No Take",2021-03-21,44.7759580865194,"3","2021",28.3256304985337,0.300933397679685,90.4,585.539854245806
"355","19","Cloates",427.762212990818,-22.6656128184423,113.647771236454,"No Take",2021-04-21,49.1421768609807,"4","2021",28.7427575757576,0.271278114488865,38.2,496.029331869142
"356","19","Cloates",427.762212990818,-22.6656128184423,113.647771236454,"No Take",2021-05-21,50.6921444467052,"5","2021",27.490219941349,0.519987406011721,49.2,389.749347907082
"357","19","Cloates",427.762212990818,-22.6656128184423,113.647771236454,"No Take",2021-07-23,43.088730878481,"7","2021",24.063211143695,0.390418541042288,4.6,366.194988176378
"358","19","Cloates",427.762212990818,-22.6656128184423,113.647771236454,"No Take",2021-08-19,55.2169084637139,"8","2021",23.2733724340176,0.385758501368299,30.8,454.411681578392
"359","19","Cloates",427.762212990818,-22.6656128184423,113.647771236454,"No Take",2021-09-27,67.0970652855856,"9","2021",23.144196969697,0.340101675976654,0,564.031228040019
"360","19","Cloates",427.762212990818,-22.6656128184423,113.647771236454,"No Take",2021-10-30,53.204300355564,"10","2021",23.1656451612903,0.412560353048568,0.4,637.110776133041
"361","19","Cloates",427.762212990818,-22.6656128184423,113.647771236454,"No Take",2021-12-20,44.5628068545534,"12","2021",25.1929032258065,0.478626936674118,0,669.183569442195
"362","19","Cloates",427.762212990818,-22.6656128184423,113.647771236454,"No Take",2019-12-03,27.0489387787273,"12","2019",25.4441348973607,0.536790365681929,0.2,872.929541953514
"363","19","Cloates",427.762212990818,-22.6656128184423,113.647771236454,"No Take",2019-11-07,62.4434252972197,"11","2019",23.7898181818182,0.488925077386048,0,831.838688704741
"364","19","Cloates",427.762212990818,-22.6656128184423,113.647771236454,"No Take",2019-06-20,50.6909544973614,"6","2019",25.0505303030303,0.519977473349559,63.6,469.159158587489
"365","19","Cloates",427.762212990818,-22.6656128184423,113.647771236454,"No Take",2019-05-16,50.7083535115217,"5","2019",26.4265249266862,0.4156445980922,0,562.530021400518
"366","19","Cloates",427.762212990818,-22.6656128184423,113.647771236454,"No Take",2019-04-26,45.406082713303,"4","2019",27.2734848484848,0.772207170486577,49.6,609.495775996746
"367","19","Cloates",427.762212990818,-22.6656128184423,113.647771236454,"No Take",2019-03-07,45.3941355187501,"3","2019",27.2540322580645,0.359922168786044,28.6,737.788354888727
"368","19","Cloates",427.762212990818,-22.6656128184423,113.647771236454,"No Take",2019-02-20,45.3941355187501,"2","2019",25.5975,0.999623799188571,0,842.016565825023
"369","19","Cloates",427.762212990818,-22.6656128184423,113.647771236454,"No Take",2018-05-21,36.5174483158319,"5","2018",27.1361436950147,0.557236825807767,11.4,546.498304404481
"370","19","Cloates",427.762212990818,-22.6656128184423,113.647771236454,"No Take",2018-04-03,33.8664833408516,"4","2018",27.5039545454545,0.469006205604158,0,642.317717372906
"371","19","Cloates",427.762212990818,-22.6656128184423,113.647771236454,"No Take",2018-02-01,22.7819850995804,"2","2018",26.5768993506494,0.269523388411425,28.2,754.087282764276
"372","19","Cloates",427.762212990818,-22.6656128184423,113.647771236454,"No Take",2018-01-06,18.4467680321556,"1","2018",26.9581671554252,0.305231572962121,17.6,737.528922925493
"373","19","Cloates",427.762212990818,-22.6656128184423,113.647771236454,"No Take",2017-06-29,49.1181526213247,"6","2017",25.682196969697,0.554506781156778,9.6,386.013216868415
"374","19","Cloates",427.762212990818,-22.6656128184423,113.647771236454,"No Take",2017-04-12,27.0489387787273,"4","2017",28.2588181818182,0.78133076572573,1.8,541.467820676801
"375","19","Cloates",427.762212990818,-22.6656128184423,113.647771236454,"No Take",2017-03-31,27.0489387787273,"3","2017",27.4548387096774,0.69142177107991,1.8,669.878303124111
"376","19","Cloates",427.762212990818,-22.6656128184423,113.647771236454,"No Take",2017-01-13,45.4731194856544,"1","2017",25.2148240469208,0.361097451920311,10,734.841692715485
"377","19","Cloates",427.762212990818,-22.6656128184423,113.647771236454,"No Take",2019-09-20,59.8611609586873,"9","2019",22.7580151515152,0.351271433976747,0.4,728.977810676652
"378","19","Cloates",427.762212990818,-22.6656128184423,113.647771236454,"No Take",2019-08-11,59.9755007669556,"8","2019",22.647008797654,0.365423101397535,6,605.141148892785
"379","19","Cloates",427.762212990818,-22.6656128184423,113.647771236454,"No Take",2019-07-31,59.9456948056281,"7","2019",23.5522140762463,0.425781565916124,25,484.700275060492
"380","19","Cloates",427.762212990818,-22.6656128184423,113.647771236454,"No Take",2017-09-05,10.2094031018153,"9","2017",23.1203636363636,0.47545409121085,14.6,606.821891761535
"381","21","Cloates",278.063779531407,-22.6668525481145,113.650310088881,"No Take",2021-03-21,54.572534330692,"3","2021",28.3256304985337,0.300933397679685,90.4,585.539854245806
"382","21","Cloates",278.063779531407,-22.6668525481145,113.650310088881,"No Take",2021-04-21,56.8437173131497,"4","2021",28.7427575757576,0.271278114488865,38.2,496.029331869142
"383","21","Cloates",278.063779531407,-22.6668525481145,113.650310088881,"No Take",2021-05-21,73.9114512616147,"5","2021",27.490219941349,0.519987406011721,49.2,389.749347907082
"384","21","Cloates",278.063779531407,-22.6668525481145,113.650310088881,"No Take",2021-06-28,63.2595818269404,"6","2021",25.1294696969697,0.530471174577095,51.8,311.945641596217
"385","21","Cloates",278.063779531407,-22.6668525481145,113.650310088881,"No take",2021-06-28,63.2595818269404,"6","2021",25.1294696969697,0.530471174577095,51.8,311.945641596217
"386","21","Cloates",278.063779531407,-22.6668525481145,113.650310088881,"No Take",2021-07-23,69.4383484611931,"7","2021",24.063211143695,0.390418541042288,4.6,366.194988176378
"387","21","Cloates",278.063779531407,-22.6668525481145,113.650310088881,"No Take",2021-08-19,57.5781409847664,"8","2021",23.2733724340176,0.385758501368299,30.8,454.411681578392
"388","21","Cloates",278.063779531407,-22.6668525481145,113.650310088881,"No Take",2021-10-30,80.3708898274954,"10","2021",23.1656451612903,0.412560353048568,0.4,637.110776133041
"389","21","Cloates",278.063779531407,-22.6668525481145,113.650310088881,"No Take",2021-12-20,66.0066452719316,"12","2021",25.1929032258065,0.478626936674118,0,669.183569442195
"390","21","Cloates",278.063779531407,-22.6668525481145,113.650310088881,"No Take",2019-12-03,22.8230044659339,"12","2019",25.4441348973607,0.536790365681929,0.2,872.929541953514
"391","21","Cloates",278.063779531407,-22.6668525481145,113.650310088881,"No Take",2019-11-07,44.5486510565242,"11","2019",23.7898181818182,0.488925077386048,0,831.838688704741
"392","21","Cloates",278.063779531407,-22.6668525481145,113.650310088881,"No Take",2019-06-20,49.1685685858585,"6","2019",25.0505303030303,0.519977473349559,63.6,469.159158587489
"393","21","Cloates",278.063779531407,-22.6668525481145,113.650310088881,"No Take",2019-05-16,47.8995208647347,"5","2019",26.4265249266862,0.4156445980922,0,562.530021400518
"394","21","Cloates",278.063779531407,-22.6668525481145,113.650310088881,"No Take",2019-04-26,45.367639744045,"4","2019",27.2734848484848,0.772207170486577,49.6,609.495775996746
"395","21","Cloates",278.063779531407,-22.6668525481145,113.650310088881,"No Take",2019-03-07,48.3815320369715,"3","2019",27.2540322580645,0.359922168786044,28.6,737.788354888727
"396","21","Cloates",278.063779531407,-22.6668525481145,113.650310088881,"No Take",2019-02-20,48.3815320369715,"2","2019",25.5975,0.999623799188571,0,842.016565825023
"397","21","Cloates",278.063779531407,-22.6668525481145,113.650310088881,"No Take",2019-01-10,29.7970136596266,"1","2019",24.9567302052786,0.734631480800139,0,848.729757900723
"398","21","Cloates",278.063779531407,-22.6668525481145,113.650310088881,"No Take",2018-11-26,42.1096315309298,"11","2018",22.4933636363636,0.369392611944314,0,851.438100402071
"399","21","Cloates",278.063779531407,-22.6668525481145,113.650310088881,"No Take",2018-09-22,39.0558403807338,"9","2018",22.0920909090909,0.340430619285024,0,758.853623113083
"400","21","Cloates",278.063779531407,-22.6668525481145,113.650310088881,"No Take",2018-07-27,67.8193370623742,"7","2018",23.9083870967742,0.477772873572963,5.6,534.493021245095
"401","21","Cloates",278.063779531407,-22.6668525481145,113.650310088881,"No Take",2018-06-29,67.9550904312051,"6","2018",25.3614393939394,0.481870665430204,91.2,456.894436337698
"402","21","Cloates",278.063779531407,-22.6668525481145,113.650310088881,"No Take",2018-01-06,26.9268484860515,"1","2018",26.9581671554252,0.305231572962121,17.6,737.528922925493
"403","21","Cloates",278.063779531407,-22.6668525481145,113.650310088881,"No Take",2017-10-27,86.3375494297369,"10","2017",22.8758797653959,0.610328279570122,0,732.280066259139
"404","21","Cloates",278.063779531407,-22.6668525481145,113.650310088881,"No Take",2017-06-29,37.9159873650266,"6","2017",25.682196969697,0.554506781156778,9.6,386.013216868415
"405","21","Cloates",278.063779531407,-22.6668525481145,113.650310088881,"No Take",2017-04-12,22.8230044659339,"4","2017",28.2588181818182,0.78133076572573,1.8,541.467820676801
"406","21","Cloates",278.063779531407,-22.6668525481145,113.650310088881,"No Take",2017-03-31,22.8230044659339,"3","2017",27.4548387096774,0.69142177107991,1.8,669.878303124111
"407","21","Cloates",278.063779531407,-22.6668525481145,113.650310088881,"No Take",2017-01-13,48.4946604750259,"1","2017",25.2148240469208,0.361097451920311,10,734.841692715485
"408","21","Cloates",278.063779531407,-22.6668525481145,113.650310088881,"No Take",2019-09-20,56.5335977354157,"9","2019",22.7580151515152,0.351271433976747,0.4,728.977810676652
"409","21","Cloates",278.063779531407,-22.6668525481145,113.650310088881,"No Take",2019-08-11,57.1304297129229,"8","2019",22.647008797654,0.365423101397535,6,605.141148892785
"410","21","Cloates",278.063779531407,-22.6668525481145,113.650310088881,"No Take",2019-07-31,57.1306552479323,"7","2019",23.5522140762463,0.425781565916124,25,484.700275060492
"411","21","Cloates",278.063779531407,-22.6668525481145,113.650310088881,"No Take",2017-09-05,85.2948189312386,"9","2017",23.1203636363636,0.47545409121085,14.6,606.821891761535
"412","22","Cloates",99.5700402028192,-22.6638382740872,113.646640076858,"No Take",2021-01-28,54.002139836803,"1","2021",27.7344868035191,0.236700007558198,0,702.524747763016
"413","22","Cloates",99.5700402028192,-22.6638382740872,113.646640076858,"No Take",2021-03-21,41.7824998568056,"3","2021",28.3256304985337,0.300933397679685,90.4,585.539854245806
"414","22","Cloates",99.5700402028192,-22.6638382740872,113.646640076858,"No Take",2021-04-21,36.2737470234235,"4","2021",28.7427575757576,0.271278114488865,38.2,496.029331869142
"415","22","Cloates",99.5700402028192,-22.6638382740872,113.646640076858,"No Take",2021-10-30,77.4157999665052,"10","2021",23.1656451612903,0.412560353048568,0.4,637.110776133041
"416","22","Cloates",99.5700402028192,-22.6638382740872,113.646640076858,"No Take",2019-12-03,47.4572852903547,"12","2019",25.4441348973607,0.536790365681929,0.2,872.929541953514
"417","22","Cloates",99.5700402028192,-22.6638382740872,113.646640076858,"No Take",2019-11-07,37.4833007917261,"11","2019",23.7898181818182,0.488925077386048,0,831.838688704741
"418","22","Cloates",99.5700402028192,-22.6638382740872,113.646640076858,"No Take",2019-06-20,66.3246565086278,"6","2019",25.0505303030303,0.519977473349559,63.6,469.159158587489
"419","22","Cloates",99.5700402028192,-22.6638382740872,113.646640076858,"No Take",2019-05-16,66.3132467534266,"5","2019",26.4265249266862,0.4156445980922,0,562.530021400518
"420","22","Cloates",99.5700402028192,-22.6638382740872,113.646640076858,"No Take",2019-04-26,77.0055346810261,"4","2019",27.2734848484848,0.772207170486577,49.6,609.495775996746
"421","22","Cloates",99.5700402028192,-22.6638382740872,113.646640076858,"No Take",2019-03-07,76.7252869471005,"3","2019",27.2540322580645,0.359922168786044,28.6,737.788354888727
"422","22","Cloates",99.5700402028192,-22.6638382740872,113.646640076858,"No Take",2019-02-20,76.7252869471005,"2","2019",25.5975,0.999623799188571,0,842.016565825023
"423","22","Cloates",99.5700402028192,-22.6638382740872,113.646640076858,"No Take",2017-06-29,53.7238001029409,"6","2017",25.682196969697,0.554506781156778,9.6,386.013216868415
"424","22","Cloates",99.5700402028192,-22.6638382740872,113.646640076858,"No Take",2017-04-12,47.4572852903547,"4","2017",28.2588181818182,0.78133076572573,1.8,541.467820676801
"425","22","Cloates",99.5700402028192,-22.6638382740872,113.646640076858,"No Take",2017-03-31,47.4572852903547,"3","2017",27.4548387096774,0.69142177107991,1.8,669.878303124111
"426","22","Cloates",99.5700402028192,-22.6638382740872,113.646640076858,"No Take",2017-01-13,77.2881142698923,"1","2017",25.2148240469208,0.361097451920311,10,734.841692715485
"427","22","Cloates",99.5700402028192,-22.6638382740872,113.646640076858,"No Take",2019-09-20,46.3787117390695,"9","2019",22.7580151515152,0.351271433976747,0.4,728.977810676652
"428","22","Cloates",99.5700402028192,-22.6638382740872,113.646640076858,"No Take",2019-08-11,46.0357312283532,"8","2019",22.647008797654,0.365423101397535,6,605.141148892785
"429","22","Cloates",99.5700402028192,-22.6638382740872,113.646640076858,"No Take",2019-07-31,45.9033380520032,"7","2019",23.5522140762463,0.425781565916124,25,484.700275060492
"430","22","Cloates",99.5700402028192,-22.6638382740872,113.646640076858,"No Take",2017-09-05,10.1073365550795,"9","2017",23.1203636363636,0.47545409121085,14.6,606.821891761535
"431","23","Cloates",88.5878887589185,-22.6706705694645,113.648284263153,"No Take",2021-01-28,40.7299505511518,"1","2021",27.7344868035191,0.236700007558198,0,702.524747763016
"432","23","Cloates",88.5878887589185,-22.6706705694645,113.648284263153,"No Take",2021-03-21,43.3084015579967,"3","2021",28.3256304985337,0.300933397679685,90.4,585.539854245806
"433","23","Cloates",88.5878887589185,-22.6706705694645,113.648284263153,"No Take",2021-04-21,86.2766547912864,"4","2021",28.7427575757576,0.271278114488865,38.2,496.029331869142
"434","23","Cloates",88.5878887589185,-22.6706705694645,113.648284263153,"No Take",2021-05-21,88.2634991661888,"5","2021",27.490219941349,0.519987406011721,49.2,389.749347907082
"435","23","Cloates",88.5878887589185,-22.6706705694645,113.648284263153,"No Take",2021-06-28,68.2784910863603,"6","2021",25.1294696969697,0.530471174577095,51.8,311.945641596217
"436","23","Cloates",88.5878887589185,-22.6706705694645,113.648284263153,"No Take",2021-07-23,84.4153944331543,"7","2021",24.063211143695,0.390418541042288,4.6,366.194988176378
"437","23","Cloates",88.5878887589185,-22.6706705694645,113.648284263153,"No Take",2021-08-19,95.1334338707986,"8","2021",23.2733724340176,0.385758501368299,30.8,454.411681578392
"438","23","Cloates",88.5878887589185,-22.6706705694645,113.648284263153,"No Take",2019-12-03,23.4248341381123,"12","2019",25.4441348973607,0.536790365681929,0.2,872.929541953514
"439","23","Cloates",88.5878887589185,-22.6706705694645,113.648284263153,"No Take",2019-06-20,90.7830282800361,"6","2019",25.0505303030303,0.519977473349559,63.6,469.159158587489
"440","23","Cloates",88.5878887589185,-22.6706705694645,113.648284263153,"No Take",2019-05-16,90.9812772524627,"5","2019",26.4265249266862,0.4156445980922,0,562.530021400518
"441","23","Cloates",88.5878887589185,-22.6706705694645,113.648284263153,"No Take",2019-04-26,43.1891437879492,"4","2019",27.2734848484848,0.772207170486577,49.6,609.495775996746
"442","23","Cloates",88.5878887589185,-22.6706705694645,113.648284263153,"No Take",2019-03-07,43.0872369953417,"3","2019",27.2540322580645,0.359922168786044,28.6,737.788354888727
"443","23","Cloates",88.5878887589185,-22.6706705694645,113.648284263153,"No Take",2019-02-20,43.0872369953417,"2","2019",25.5975,0.999623799188571,0,842.016565825023
"444","23","Cloates",88.5878887589185,-22.6706705694645,113.648284263153,"No Take",2019-01-10,21.5954322640709,"1","2019",24.9567302052786,0.734631480800139,0,848.729757900723
"445","23","Cloates",88.5878887589185,-22.6706705694645,113.648284263153,"No Take",2018-12-29,55.9447831248996,"12","2018",23.1565835777126,0.414717436418043,0,880.345699282895
"446","23","Cloates",88.5878887589185,-22.6706705694645,113.648284263153,"No Take",2018-05-21,49.769515371357,"5","2018",27.1361436950147,0.557236825807767,11.4,546.498304404481
"447","23","Cloates",88.5878887589185,-22.6706705694645,113.648284263153,"No Take",2017-10-27,52.2466549449482,"10","2017",22.8758797653959,0.610328279570122,0,732.280066259139
"448","23","Cloates",88.5878887589185,-22.6706705694645,113.648284263153,"No Take",2017-06-29,40.815061230079,"6","2017",25.682196969697,0.554506781156778,9.6,386.013216868415
"449","23","Cloates",88.5878887589185,-22.6706705694645,113.648284263153,"No Take",2017-04-12,23.4248341381123,"4","2017",28.2588181818182,0.78133076572573,1.8,541.467820676801
"450","23","Cloates",88.5878887589185,-22.6706705694645,113.648284263153,"No Take",2017-03-31,23.4248341381123,"3","2017",27.4548387096774,0.69142177107991,1.8,669.878303124111
"451","23","Cloates",88.5878887589185,-22.6706705694645,113.648284263153,"No Take",2017-01-13,43.0184370143214,"1","2017",25.2148240469208,0.361097451920311,10,734.841692715485
"452","23","Cloates",88.5878887589185,-22.6706705694645,113.648284263153,"No Take",2019-09-20,97.5062562224486,"9","2019",22.7580151515152,0.351271433976747,0.4,728.977810676652
"453","23","Cloates",88.5878887589185,-22.6706705694645,113.648284263153,"No Take",2019-08-11,97.602301857205,"8","2019",22.647008797654,0.365423101397535,6,605.141148892785
"454","23","Cloates",88.5878887589185,-22.6706705694645,113.648284263153,"No Take",2019-07-31,97.2447469465927,"7","2019",23.5522140762463,0.425781565916124,25,484.700275060492
"455","23","Cloates",88.5878887589185,-22.6706705694645,113.648284263153,"No Take",2017-09-05,65.0271534753804,"9","2017",23.1203636363636,0.47545409121085,14.6,606.821891761535
"456","24","Cloates",410.44758568572,-22.6707574697717,113.645185165169,"No Take",2021-04-21,103.990343287407,"4","2021",28.7427575757576,0.271278114488865,38.2,496.029331869142
"457","24","Cloates",410.44758568572,-22.6707574697717,113.645185165169,"No Take",2021-05-21,130.096447232259,"5","2021",27.490219941349,0.519987406011721,49.2,389.749347907082
"458","24","Cloates",410.44758568572,-22.6707574697717,113.645185165169,"No Take",2021-06-28,103.250698403858,"6","2021",25.1294696969697,0.530471174577095,51.8,311.945641596217
"459","24","Cloates",410.44758568572,-22.6707574697717,113.645185165169,"No Take",2021-07-23,102.406483515085,"7","2021",24.063211143695,0.390418541042288,4.6,366.194988176378
"460","24","Cloates",410.44758568572,-22.6707574697717,113.645185165169,"No Take",2021-08-19,104.500192228926,"8","2021",23.2733724340176,0.385758501368299,30.8,454.411681578392
"461","24","Cloates",410.44758568572,-22.6707574697717,113.645185165169,"No Take",2021-09-27,108.200923726056,"9","2021",23.144196969697,0.340101675976654,0,564.031228040019
"462","24","Cloates",410.44758568572,-22.6707574697717,113.645185165169,"No Take",2021-10-30,109.954011175386,"10","2021",23.1656451612903,0.412560353048568,0.4,637.110776133041
"463","24","Cloates",410.44758568572,-22.6707574697717,113.645185165169,"No Take",2021-12-20,100.306471929185,"12","2021",25.1929032258065,0.478626936674118,0,669.183569442195
"464","24","Cloates",410.44758568572,-22.6707574697717,113.645185165169,"No Take",2019-04-26,46.0715819391329,"4","2019",27.2734848484848,0.772207170486577,49.6,609.495775996746
"465","24","Cloates",410.44758568572,-22.6707574697717,113.645185165169,"No Take",2019-03-07,45.7069090753261,"3","2019",27.2540322580645,0.359922168786044,28.6,737.788354888727
"466","24","Cloates",410.44758568572,-22.6707574697717,113.645185165169,"No Take",2019-02-20,45.7069090753261,"2","2019",25.5975,0.999623799188571,0,842.016565825023
"467","24","Cloates",410.44758568572,-22.6707574697717,113.645185165169,"No Take",2018-12-29,71.427088488292,"12","2018",23.1565835777126,0.414717436418043,0,880.345699282895
"468","24","Cloates",410.44758568572,-22.6707574697717,113.645185165169,"No Takes",2018-11-26,100.672087443673,"11","2018",22.4933636363636,0.369392611944314,0,851.438100402071
"469","24","Cloates",410.44758568572,-22.6707574697717,113.645185165169,"No Take",2018-11-26,100.672087443673,"11","2018",22.4933636363636,0.369392611944314,0,851.438100402071
"470","24","Cloates",410.44758568572,-22.6707574697717,113.645185165169,"No Takes",2018-07-27,102.338876132685,"7","2018",23.9083870967742,0.477772873572963,5.6,534.493021245095
"471","24","Cloates",410.44758568572,-22.6707574697717,113.645185165169,"No Take",2018-07-27,102.338876132685,"7","2018",23.9083870967742,0.477772873572963,5.6,534.493021245095
"472","24","Cloates",410.44758568572,-22.6707574697717,113.645185165169,"No Takes",2018-06-29,99.2256148631831,"6","2018",25.3614393939394,0.481870665430204,91.2,456.894436337698
"473","24","Cloates",410.44758568572,-22.6707574697717,113.645185165169,"No Take",2018-06-29,99.2256148631831,"6","2018",25.3614393939394,0.481870665430204,91.2,456.894436337698
"474","24","Cloates",410.44758568572,-22.6707574697717,113.645185165169,"No Takes",2017-10-27,87.3392798063362,"10","2017",22.8758797653959,0.610328279570122,0,732.280066259139
"475","24","Cloates",410.44758568572,-22.6707574697717,113.645185165169,"No Take",2017-10-27,87.3392798063362,"10","2017",22.8758797653959,0.610328279570122,0,732.280066259139
"476","24","Cloates",410.44758568572,-22.6707574697717,113.645185165169,"No Take",2017-06-29,83.5127331727167,"6","2017",25.682196969697,0.554506781156778,9.6,386.013216868415
"477","24","Cloates",410.44758568572,-22.6707574697717,113.645185165169,"No Takes",2017-01-13,45.9391107235166,"1","2017",25.2148240469208,0.361097451920311,10,734.841692715485
"478","24","Cloates",410.44758568572,-22.6707574697717,113.645185165169,"No Take",2017-01-13,45.9391107235166,"1","2017",25.2148240469208,0.361097451920311,10,734.841692715485
"479","24","Cloates",410.44758568572,-22.6707574697717,113.645185165169,"No Take",2019-09-20,131.11101283623,"9","2019",22.7580151515152,0.351271433976747,0.4,728.977810676652
"480","24","Cloates",410.44758568572,-22.6707574697717,113.645185165169,"No Takes",2019-08-11,131.807785287604,"8","2019",22.647008797654,0.365423101397535,6,605.141148892785
"481","24","Cloates",410.44758568572,-22.6707574697717,113.645185165169,"No Take",2019-08-11,131.807785287604,"8","2019",22.647008797654,0.365423101397535,6,605.141148892785
"482","24","Cloates",410.44758568572,-22.6707574697717,113.645185165169,"No Takes",2019-07-31,131.729646852222,"7","2019",23.5522140762463,0.425781565916124,25,484.700275060492
"483","24","Cloates",410.44758568572,-22.6707574697717,113.645185165169,"No Take",2019-07-31,131.729646852222,"7","2019",23.5522140762463,0.425781565916124,25,484.700275060492
"484","24","Cloates",410.44758568572,-22.6707574697717,113.645185165169,"No Takes",2017-09-05,118.380095477471,"9","2017",23.1203636363636,0.47545409121085,14.6,606.821891761535
"485","24","Cloates",410.44758568572,-22.6707574697717,113.645185165169,"No Take",2017-09-05,118.380095477471,"9","2017",23.1203636363636,0.47545409121085,14.6,606.821891761535
